pid,hhid,rgid,villid,relateHead,ifFemale,age,ifMarried,numChild,ifCcfp,ifCcfpO
3019,1346,134,2,3,0,35,1,-99,1,1
3020,1346,134,2,32,1,34,1,0,1,1
3021,1346,134,2,1,0,59,1,-99,1,1
3022,1346,134,2,2,1,59,1,1,1,1
3023,1347,134,2,2,1,50,1,1,0,0
3024,1347,134,2,1,0,55,1,-99,0,0
3025,1347,134,2,3,0,24,0,-99,0,0
3026,1347,134,2,53,0,6,0,-99,0,0
3027,1348,134,2,1,0,40,1,-99,1,1
3028,1348,134,2,5,0,37,1,-99,1,1
3029,1348,134,2,2,1,37,1,2,1,1
3030,1348,134,2,53,1,9,0,0,1,1
3031,1348,134,2,3,0,8,0,-99,1,1
3032,1348,134,2,3,1,12,0,0,1,1
3033,1350,134,2,3,0,34,0,-99,0,0
3034,1350,134,2,1,0,59,1,-99,0,0
3035,1351,134,2,1,0,42,1,-99,0,0
3036,1351,134,2,2,1,35,1,1,0,0
3037,1351,134,2,4,1,76,1,3,0,0
3038,1351,134,2,52,1,55,1,1,0,0
3039,1351,134,2,53,1,20,0,0,0,0
3040,1351,134,2,3,0,14,0,-99,0,0
3041,1352,134,2,1,1,75,1,1,1,1
3042,1353,134,2,3,1,35,0,0,1,1
3043,1353,134,2,1,0,67,1,-99,1,1
3044,1353,134,2,2,1,59,1,1,1,1
3045,1354,134,2,1,0,76,1,-99,0,0
3046,1354,134,2,2,1,68,1,3,0,0
3047,1355,134,2,3,0,8,0,-99,0,0
3048,1355,134,2,1,0,41,1,-99,0,0
3049,1355,134,2,2,1,37,1,2,0,0
3050,1355,134,2,3,1,14,0,0,0,0
3051,1356,134,2,6,0,7,0,-99,0,0
3052,1356,134,2,3,0,41,1,-99,0,0
3053,1356,134,2,32,1,39,1,1,0,0
3054,1356,134,2,3,1,36,1,2,0,0
3055,1356,134,2,1,0,71,1,-99,0,0
3056,1356,134,2,6,1,12,0,0,0,0
3057,1356,134,2,2,1,64,1,2,0,0
3058,1357,134,2,1,0,40,1,-99,0,0
3059,1357,134,2,2,1,36,1,2,0,0
3060,1357,134,2,3,1,12,0,0,0,0
3061,1357,134,2,3,0,4,0,-99,0,0
3062,1359,134,2,1,0,50,1,-99,1,1
3063,1359,134,2,44,0,95,1,-99,1,1
3064,1359,134,2,2,1,52,1,2,1,1
3065,1359,134,2,3,0,28,0,-99,1,1
3066,1359,134,2,3,0,23,0,-99,1,1
3067,1360,134,2,2,1,47,1,2,0,0
3068,1360,134,2,1,0,44,1,-99,0,0
3069,1360,134,2,3,1,21,0,0,0,0
3070,1360,134,2,3,0,15,0,-99,0,0
3071,1362,134,2,1,0,42,1,-99,0,0
3072,1362,134,2,2,1,41,1,1,0,0
3073,1362,134,2,4,0,76,1,-99,0,0
3074,1362,134,2,3,0,18,0,-99,0,0
3075,1363,134,2,32,1,44,1,2,1,1
3076,1363,134,2,6,0,13,0,-99,1,1
3077,1363,134,2,1,0,71,1,-99,1,1
3078,1363,134,2,2,1,70,1,1,1,1
3079,1363,134,2,6,1,19,0,0,1,1
3080,1365,134,2,2,1,70,1,1,0,0
3081,1365,134,2,1,0,85,1,-99,0,0
3082,1365,134,2,3,1,51,1,0,0,0
3083,1366,134,2,6,0,13,0,-99,1,1
3084,1366,134,2,3,0,39,1,-99,1,1
3085,1366,134,2,32,1,35,1,1,1,1
3086,1366,134,2,1,0,67,1,-99,1,1
3087,1366,134,2,2,1,64,1,1,1,1
3088,1367,134,2,2,1,53,1,1,0,0
3089,1367,134,2,3,0,24,0,-99,0,0
3090,1367,134,2,1,0,55,1,-99,0,0
3091,1368,134,2,1,0,43,0,-99,0,0
3092,1368,134,2,4,1,73,1,3,0,0
3093,1369,134,2,3,0,43,1,-99,0,0
3094,1369,134,2,32,1,41,1,2,0,0
3095,1369,134,2,1,0,70,1,-99,0,0
3096,1369,134,2,6,1,15,0,0,0,0
3097,1369,134,2,6,0,10,0,-99,0,0
3098,1370,134,2,6,0,8,0,-99,0,0
3099,1370,134,2,3,0,34,1,-99,0,0
3100,1370,134,2,1,0,58,1,-99,0,0
3101,1370,134,2,5,1,28,0,0,0,0
3102,1371,134,2,1,0,42,1,-99,0,0
3103,1371,134,2,2,1,42,1,2,0,0
3104,1371,134,2,4,1,73,1,2,0,0
3105,1371,134,2,3,0,18,0,-99,0,0
3106,1371,134,2,6,1,12,0,0,0,0
3107,1371,134,2,3,0,38,1,-99,0,0
3108,1373,115,2,6,0,9,0,-99,0,0
3109,1373,115,2,32,1,37,1,2,0,0
3110,1373,115,2,32,1,34,1,2,0,0
3111,1373,115,2,2,1,61,1,2,0,0
3112,1373,115,2,1,0,61,1,-99,0,0
3113,1373,115,2,6,0,15,0,-99,0,0
3114,1374,115,2,1,0,51,1,-99,0,0
3115,1374,115,2,2,1,53,1,2,0,0
3116,1374,115,2,3,1,29,0,0,0,0
3117,1374,115,2,3,0,24,0,-99,0,0
3118,1375,115,2,2,1,48,1,2,0,0
3119,1375,115,2,1,0,47,1,-99,0,0
3120,1376,115,2,6,1,6,0,0,0,0
3121,1376,115,2,6,1,5,0,0,0,0
3122,1376,115,2,3,1,30,1,0,0,0
3123,1376,115,2,1,0,55,1,-99,0,0
3124,1376,115,2,2,1,52,1,2,0,0
3125,1376,115,2,3,0,32,1,-99,0,0
3126,1377,115,2,1,0,42,1,-99,0,0
3127,1377,115,2,2,1,41,1,1,0,0
3128,1378,115,2,3,0,12,0,-99,0,0
3129,1378,115,2,3,0,12,0,-99,0,0
3130,1378,115,2,3,1,22,0,0,0,0
3131,1378,115,2,1,0,52,1,-99,0,0
3132,1378,115,2,3,0,29,0,-99,0,0
3133,1379,115,2,3,1,7,0,0,0,0
3134,1379,115,2,1,0,40,1,-99,0,0
3135,1380,115,2,3,0,12,0,-99,0,0
3136,1380,115,2,1,0,46,1,-99,0,0
3137,1380,115,2,2,1,43,1,1,0,0
3138,1382,115,2,3,1,21,0,0,0,0
3139,1382,115,2,1,0,49,1,-99,0,0
3140,1382,115,2,2,1,45,1,3,0,0
3141,1382,115,2,3,1,22,0,0,0,0
3142,1382,115,2,3,0,15,0,-99,0,0
3143,1383,115,2,3,0,35,1,-99,0,0
3144,1383,115,2,32,1,31,1,1,0,0
3145,1383,115,2,2,1,63,1,1,0,0
3146,1383,115,2,1,0,63,1,-99,0,0
3147,1383,115,2,6,1,9,0,0,0,0
3148,1384,115,2,1,0,43,0,-99,0,0
3149,1385,115,2,2,1,71,1,3,0,0
3150,1385,115,2,1,0,66,1,-99,0,0
3151,1386,115,2,1,0,45,1,-99,1,1
3152,1386,115,2,2,1,43,1,2,1,1
3153,1386,115,2,4,1,77,1,4,1,1
3154,1386,115,2,3,1,23,0,0,1,1
3155,1386,115,2,3,0,15,0,-99,1,1
3156,1387,115,2,1,0,44,0,-99,1,1
3157,1387,115,2,4,1,80,1,4,1,1
3158,1388,115,2,1,0,48,1,-99,0,0
3159,1388,115,2,2,1,44,1,2,0,0
3160,1388,115,2,3,1,21,0,0,0,0
3161,1388,115,2,3,0,9,0,-99,0,0
3162,1389,115,2,3,0,36,1,-99,0,0
3163,1389,115,2,2,1,58,1,1,0,0
3164,1389,115,2,1,0,54,1,-99,0,0
3165,1389,115,2,6,0,7,0,-99,0,0
3166,1390,115,2,3,0,33,1,-99,0,0
3167,1390,115,2,3,1,30,1,1,0,0
3168,1390,115,2,1,0,56,1,-99,0,0
3169,1390,115,2,2,1,54,1,2,0,0
3170,1390,115,2,32,1,30,1,1,0,0
3171,1390,115,2,6,1,11,0,0,0,0
3172,1392,115,2,4,1,71,1,2,0,0
3173,1392,115,2,1,0,46,1,-99,0,0
3174,1392,115,2,2,1,45,1,1,0,0
3175,1392,115,2,3,0,12,0,-99,0,0
3176,1393,115,2,3,1,22,0,0,0,0
3177,1393,115,2,1,0,39,1,-99,0,0
3178,1393,115,2,2,1,34,1,3,0,0
3179,1393,115,2,4,0,67,1,-99,0,0
3180,1393,115,2,3,1,11,0,0,0,0
3181,1393,115,2,3,0,4,0,-99,0,0
3182,1395,115,2,2,1,49,1,1,0,0
3183,1395,115,2,1,0,49,1,-99,0,0
3184,1395,115,2,3,0,26,1,-99,0,0
3185,1395,115,2,32,1,28,1,0,0,0
3186,1396,115,2,3,0,35,1,-99,0,0
3187,1396,115,2,3,0,32,1,-99,0,0
3188,1396,115,2,1,0,65,1,-99,0,0
3189,1396,115,2,32,1,32,1,0,0,0
3190,1398,115,2,3,0,32,1,-99,1,1
3191,1398,115,2,6,0,8,0,-99,1,1
3192,1398,115,2,2,1,59,1,2,1,1
3193,1398,115,2,1,0,59,1,-99,1,1
3194,1398,115,2,3,1,26,1,0,1,1
3195,1399,115,2,2,1,51,1,2,0,0
3196,1399,115,2,1,0,50,1,-99,0,0
3197,1399,115,2,3,1,27,0,0,0,0
3198,1399,115,2,3,0,26,0,-99,0,0
3199,1401,115,2,1,0,46,1,-99,0,0
3200,1401,115,2,2,1,45,1,1,0,0
3201,1401,115,2,3,0,23,0,-99,0,0
3202,1402,115,2,1,0,43,1,-99,0,0
3203,1402,115,2,2,1,39,1,1,0,0
3204,1402,115,2,3,0,18,0,-99,0,0
3205,1403,115,2,1,0,49,1,-99,0,0
3206,1403,115,2,2,1,48,1,5,0,0
3207,1403,115,2,3,1,24,0,0,0,0
3208,1403,115,2,3,0,19,0,-99,0,0
3209,1403,115,2,3,0,6,0,-99,0,0
3210,1403,115,2,3,1,6,0,0,0,0
3211,1403,115,2,3,1,6,0,0,0,0
3212,1404,115,2,5,0,44,0,-99,0,0
3213,1404,115,2,1,0,42,1,-99,0,0
3214,1404,115,2,2,1,40,1,1,0,0
3215,1404,115,2,3,1,14,0,0,0,0
3216,1405,115,2,2,1,42,1,3,0,0
3217,1405,115,2,1,0,41,1,-99,0,0
3218,1405,115,2,4,0,70,1,-99,0,0
3219,1405,115,2,3,1,19,0,0,0,0
3220,1405,115,2,3,1,10,0,0,0,0
3221,1405,115,2,3,1,10,0,0,0,0
3222,1406,115,2,1,0,50,1,-99,0,0
3223,1406,115,2,3,0,28,0,-99,0,0
3224,1406,115,2,3,0,24,0,-99,0,0
3225,1407,115,2,1,0,42,1,-99,0,0
3226,1407,115,2,3,0,17,0,-99,0,0
3227,1408,115,2,1,1,67,1,2,0,0
3228,1410,115,2,3,0,8,0,-99,0,0
3229,1410,115,2,1,0,41,1,-99,0,0
3230,1410,115,2,2,1,37,1,2,0,0
3231,1410,115,2,4,1,69,1,2,0,0
3232,1410,115,2,3,1,13,0,0,0,0
3233,1411,115,2,1,0,41,1,-99,1,1
3234,1411,115,2,2,1,39,1,2,1,1
3235,1411,115,2,4,1,61,1,3,1,1
3236,1411,115,2,3,1,11,0,0,1,1
3237,1411,115,2,3,0,11,0,-99,1,1
3238,1412,115,2,1,0,76,1,-99,0,0
3239,1413,115,2,1,1,24,0,0,0,0
3240,1414,127,2,6,1,9,0,0,1,1
3241,1414,127,2,6,1,5,0,0,1,1
3242,1414,127,2,3,0,41,1,-99,1,1
3243,1414,127,2,1,0,63,1,-99,1,1
3244,1415,127,2,3,1,16,0,0,0,0
3245,1415,127,2,1,0,47,1,-99,0,0
3246,1416,127,2,1,0,55,1,-99,1,1
3247,1416,127,2,2,1,53,1,3,1,1
3248,1417,127,2,6,0,8,0,-99,1,1
3249,1417,127,2,32,1,28,1,1,1,1
3250,1417,127,2,3,0,34,1,-99,1,1
3251,1417,127,2,1,0,56,1,-99,1,1
3252,1417,127,2,2,1,56,1,1,1,1
3253,1418,127,2,1,0,44,1,-99,1,1
3254,1418,127,2,2,1,42,1,2,1,1
3255,1418,127,2,4,0,72,1,-99,1,1
3256,1418,127,2,4,1,72,1,3,1,1
3257,1418,127,2,3,1,18,0,0,1,1
3258,1418,127,2,3,0,13,0,-99,1,1
3259,1419,127,2,1,0,38,0,-99,0,0
3260,1420,127,2,3,0,32,1,-99,0,0
3261,1420,127,2,2,1,59,1,1,0,0
3262,1420,127,2,1,0,57,1,-99,0,0
3263,1420,127,2,6,0,10,0,-99,0,0
3264,1420,127,2,32,1,33,1,1,0,0
3265,1421,127,2,3,0,16,0,-99,1,1
3266,1421,127,2,1,0,44,1,-99,1,1
3267,1421,127,2,2,1,43,1,2,1,1
3268,1421,127,2,44,1,81,1,1,1,1
3269,1421,127,2,4,1,62,1,3,1,1
3270,1421,127,2,3,1,20,0,0,1,1
3271,1423,127,2,6,1,14,0,0,1,1
3272,1423,127,2,32,1,48,1,1,1,1
3273,1423,127,2,3,0,46,1,-99,1,1
3274,1423,127,2,1,0,71,1,-99,1,1
3275,1423,127,2,3,0,10,0,-99,1,1
3276,1423,127,2,3,0,10,0,-99,1,1
3277,1424,127,2,1,0,49,1,-99,1,1
3278,1424,127,2,2,1,44,1,1,1,1
3279,1424,127,2,3,1,21,0,0,1,1
3280,1425,127,2,1,0,51,1,-99,1,1
3281,1425,127,2,3,0,30,0,-99,1,1
3282,1425,127,2,2,1,53,1,1,1,1
3283,1426,127,2,6,1,7,0,0,0,0
3284,1426,127,2,32,1,35,1,1,0,0
3285,1426,127,2,3,0,39,1,-99,0,0
3286,1426,127,2,2,1,70,1,1,0,0
3287,1426,127,2,1,0,70,1,-99,0,0
3288,1427,127,2,1,0,34,0,-99,1,1
3289,1429,127,2,3,1,8,0,0,1,1
3290,1429,127,2,1,1,44,1,2,1,1
3291,1429,127,2,3,1,15,0,0,1,1
3292,1430,127,2,1,0,29,1,-99,0,0
3293,1430,127,2,2,1,31,1,2,0,0
3294,1430,127,2,3,1,9,0,0,0,0
3295,1430,133,2,3,0,10,0,-99,0,0
3296,1431,133,2,1,0,39,0,-99,0,0
3297,1432,133,2,6,1,5,0,0,0,0
3298,1432,133,2,2,1,51,1,1,0,0
3299,1432,133,2,1,0,54,1,-99,0,0
3300,1432,133,2,3,1,26,1,1,0,0
3301,1433,133,2,2,1,41,1,1,0,0
3302,1433,133,2,1,0,41,1,-99,0,0
3303,1434,133,2,4,0,77,1,-99,0,0
3304,1434,133,2,3,1,17,0,0,0,0
3305,1434,133,2,3,0,14,0,-99,0,0
3306,1434,133,2,1,1,68,1,2,0,0
3307,1436,133,2,6,1,7,0,0,0,0
3308,1436,133,2,3,0,35,1,-99,0,0
3309,1436,133,2,1,0,59,1,-99,0,0
3310,1437,133,2,2,1,57,1,1,0,0
3311,1437,133,2,1,1,51,1,1,0,0
3312,1437,133,2,3,0,25,0,-99,0,0
3313,1438,133,2,2,1,46,1,1,0,0
3314,1438,133,2,1,0,44,1,-99,0,0
3315,1438,133,2,4,1,73,1,2,0,0
3316,1438,133,2,3,0,17,0,-99,0,0
3317,1439,133,2,3,0,37,0,-99,0,0
3318,1439,133,2,1,1,76,1,1,0,0
3319,1440,133,2,32,1,28,1,0,0,0
3320,1440,133,2,3,0,31,1,-99,0,0
3321,1440,133,2,2,1,57,1,1,0,0
3322,1440,133,2,1,0,55,1,-99,0,0
3323,1441,133,2,3,0,35,0,-99,0,0
3324,1441,133,2,1,0,64,1,-99,0,0
3325,1441,133,2,2,1,62,1,1,0,0
3326,1442,133,2,3,1,21,0,0,0,0
3327,1442,133,2,1,0,49,1,-99,0,0
3328,1442,133,2,2,1,47,1,2,0,0
3329,1442,133,2,3,0,28,0,-99,0,0
3330,1443,133,2,4,0,75,1,-99,0,0
3331,1443,133,2,3,0,34,0,-99,0,0
3332,1443,133,2,3,0,31,0,-99,0,0
3333,1443,133,2,2,1,58,1,2,0,0
3334,1443,133,2,1,0,56,1,-99,0,0
3335,1444,133,2,1,0,84,1,-99,1,1
3336,1444,133,2,2,1,83,1,1,1,1
3337,1445,133,2,32,1,27,1,1,0,0
3338,1445,133,2,6,0,4,0,-99,0,0
3339,1445,133,2,2,1,49,1,1,0,0
3340,1445,133,2,1,0,54,1,-99,0,0
3341,1445,133,2,3,0,28,1,-99,0,0
3342,1446,133,2,1,0,39,1,-99,0,0
3343,1446,133,2,2,1,38,1,1,0,0
3344,1446,133,2,3,0,12,0,-99,0,0
3345,1446,133,2,5,1,26,0,0,0,0
3346,1447,133,2,1,0,51,1,-99,0,0
3347,1447,133,2,2,1,48,1,1,0,0
3348,1447,133,2,3,0,23,0,-99,0,0
3349,1448,133,2,3,0,10,0,-99,0,0
3350,1448,133,2,2,1,50,1,1,0,0
3351,1448,133,2,1,0,52,1,-99,0,0
3352,1449,133,2,2,1,35,1,3,0,0
3353,1449,133,2,3,1,15,0,0,0,0
3354,1449,133,2,3,0,14,0,-99,0,0
3355,1449,133,2,3,0,7,0,-99,0,0
3356,1449,133,2,1,0,37,1,-99,0,0
3357,1450,133,2,6,0,4,0,-99,0,0
3358,1450,133,2,1,0,65,1,-99,0,0
3359,1450,133,2,2,1,61,1,1,0,0
3360,1450,133,2,3,0,28,1,-99,0,0
3361,1451,133,2,6,0,8,0,-99,0,0
3362,1451,133,2,1,0,54,1,-99,0,0
3363,1451,133,2,2,1,53,1,2,0,0
3364,1451,133,2,3,0,29,1,-99,0,0
3365,1451,133,2,3,1,24,1,0,0,0
3366,1452,133,2,1,0,60,1,-99,0,0
3367,1452,133,2,2,1,59,1,1,0,0
3368,1454,133,2,3,0,12,0,-99,0,0
3369,1454,133,2,1,0,37,1,-99,0,0
3370,1454,133,2,2,1,32,1,1,0,0
3371,1455,133,2,1,0,77,1,-99,1,1
3372,1456,133,2,1,0,43,1,-99,0,0
3373,1456,133,2,2,1,35,1,1,0,0
3374,1456,133,2,3,1,6,0,0,0,0
3375,1457,133,2,1,0,38,1,-99,0,0
3376,1457,133,2,2,1,33,1,1,0,0
3377,1457,133,2,3,0,12,0,-99,0,0
3378,1458,133,2,1,0,32,1,-99,0,0
3379,1458,133,2,4,1,60,1,3,0,0
3380,1458,133,2,3,0,4,0,-99,0,0
3381,1459,133,2,1,0,43,1,-99,0,0
3382,1459,133,2,2,1,41,1,1,0,0
3383,1459,133,2,3,0,18,0,-99,0,0
3384,1460,126,2,1,1,51,1,3,1,1
3385,1460,126,2,4,1,88,1,4,1,1
3386,1462,126,2,3,0,23,1,-99,0,0
3387,1462,126,2,6,0,5,0,-99,0,0
3388,1462,126,2,3,0,36,1,-99,0,0
3389,1462,126,2,32,1,33,1,1,0,0
3390,1462,126,2,1,0,57,1,-99,0,0
3391,1462,126,2,2,1,55,1,2,0,0
3392,1462,126,2,6,1,10,0,0,0,0
3393,1463,126,2,3,0,37,0,-99,0,0
3394,1463,126,2,1,0,70,1,-99,0,0
3395,1463,126,2,2,1,64,1,1,0,0
3396,1464,126,2,1,0,38,1,-99,0,0
3397,1464,126,2,2,1,37,1,1,0,0
3398,1464,126,2,4,0,76,1,-99,0,0
3399,1464,126,2,3,0,15,0,-99,0,0
3400,1466,126,2,1,0,43,1,-99,0,0
3401,1466,126,2,2,1,40,1,2,0,0
3402,1466,126,2,3,0,13,0,-99,0,0
3403,1466,126,2,3,1,18,0,0,0,0
3404,1467,126,2,1,0,64,1,-99,0,0
3405,1468,126,2,2,1,47,1,2,1,1
3406,1468,126,2,1,0,46,1,-99,1,1
3407,1468,126,2,4,0,85,1,-99,1,1
3408,1468,126,2,3,1,26,0,0,1,1
3409,1468,126,2,3,0,21,0,-99,1,1
3410,1469,126,2,32,1,47,1,2,0,0
3411,1469,126,2,3,0,44,1,-99,0,0
3412,1469,126,2,1,0,70,1,-99,0,0
3413,1469,126,2,2,1,70,1,1,0,0
3414,1469,126,2,6,1,21,0,0,0,0
3415,1469,126,2,6,0,17,0,-99,0,0
3416,1470,126,2,1,0,50,1,-99,0,0
3417,1470,126,2,2,1,41,1,2,0,0
3418,1470,126,2,3,1,24,0,0,0,0
3419,1470,126,2,3,0,16,0,-99,0,0
3420,1471,126,2,2,1,71,1,2,0,0
3421,1471,126,2,1,0,70,1,-99,0,0
3422,1472,126,2,1,0,45,1,-99,0,0
3423,1472,126,2,2,1,45,1,2,0,0
3424,1472,126,2,3,1,21,0,0,0,0
3425,1472,126,2,3,0,16,0,-99,0,0
3426,1473,126,2,3,0,37,0,-99,0,0
3427,1473,126,2,1,0,58,1,-99,0,0
3428,1473,126,2,2,1,57,1,1,0,0
3429,1475,126,2,1,0,46,0,-99,0,0
3430,1475,126,2,4,0,72,1,-99,0,0
3431,1475,126,2,4,1,72,1,4,0,0
3432,1476,126,2,2,1,50,1,1,0,0
3433,1476,126,2,1,0,48,1,-99,0,0
3434,1476,126,2,3,0,23,0,-99,0,0
3435,1477,126,2,2,1,47,1,1,0,0
3436,1477,126,2,1,0,47,1,-99,0,0
3437,1477,126,2,4,0,82,1,-99,0,0
3438,1477,126,2,4,1,72,1,4,0,0
3439,1477,126,2,3,0,22,0,-99,0,0
3440,1478,126,2,1,0,58,1,-99,0,0
3441,1478,126,2,2,1,55,1,1,0,0
3442,1478,126,2,32,1,34,1,0,0,0
3443,1479,126,2,3,0,32,1,-99,1,1
3444,1479,126,2,4,1,88,1,2,1,1
3445,1479,126,2,2,1,56,1,2,1,1
3446,1479,126,2,1,0,55,1,-99,1,1
3447,1479,126,2,3,1,28,1,1,1,1
3448,1479,126,2,6,1,4,0,0,1,1
3449,1480,126,2,5,1,29,0,0,0,0
3450,1480,126,2,1,0,26,0,-99,0,0
3451,1481,126,2,1,0,48,1,-99,0,0
3452,1481,126,2,2,1,44,1,1,0,0
3453,1481,126,2,3,0,21,0,-99,0,0
3454,1482,126,2,1,0,68,1,-99,0,0
3455,1483,126,2,1,0,49,1,-99,0,0
3456,1483,126,2,2,1,44,1,2,0,0
3457,1483,126,2,3,0,23,0,-99,0,0
3458,1483,126,2,3,1,10,0,0,0,0
3459,1484,126,2,1,0,41,0,-99,0,0
3460,1485,126,2,1,0,42,0,-99,0,0
3461,1486,126,2,1,0,43,1,-99,1,1
3462,1486,126,2,2,1,42,1,2,1,1
3463,1486,126,2,4,0,87,1,-99,1,1
3464,1486,126,2,3,0,13,0,-99,1,1
3465,1486,126,2,3,1,20,0,0,1,1
3466,1487,126,2,1,0,48,1,-99,1,1
3467,1487,126,2,2,1,44,1,1,1,1
3468,1487,126,2,3,0,19,0,-99,1,1
3469,1488,126,2,2,1,42,1,1,0,0
3470,1488,126,2,1,0,40,1,-99,0,0
3471,1488,126,2,3,0,16,0,-99,0,0
3472,1489,126,2,32,1,46,1,1,0,0
3473,1489,126,2,3,0,44,1,-99,0,0
3474,1489,126,2,1,0,70,1,-99,0,0
3475,1489,126,2,6,0,23,1,-99,0,0
3476,1490,126,2,1,0,45,1,-99,1,1
3477,1490,126,2,2,1,45,1,2,1,1
3478,1490,126,2,3,1,24,0,0,1,1
3479,1490,126,2,3,0,18,0,-99,1,1
3480,1491,126,2,3,0,34,1,-99,0,0
3481,1491,126,2,32,1,31,1,1,0,0
3482,1491,126,2,6,0,9,0,-99,0,0
3483,1491,126,2,2,1,60,1,1,0,0
3484,1491,126,2,1,0,59,1,-99,0,0
3485,1492,126,2,1,0,38,1,-99,0,0
3486,1492,126,2,2,1,37,1,2,0,0
3487,1492,126,2,4,1,62,1,2,0,0
3488,1492,126,2,4,0,62,1,-99,0,0
3489,1492,126,2,3,1,14,0,0,0,0
3490,1492,126,2,3,0,10,0,-99,0,0
3491,1494,126,2,1,0,45,1,-99,0,0
3492,1494,126,2,2,1,44,1,2,0,0
3493,1494,126,2,5,1,37,0,0,0,0
3494,1494,126,2,4,1,76,1,1,0,0
3495,1494,126,2,3,1,20,0,0,0,0
3496,1494,126,2,3,0,14,0,-99,0,0
3497,1495,126,2,2,1,51,1,2,0,0
3498,1495,126,2,6,0,10,0,-99,0,0
3499,1495,126,2,1,0,58,1,-99,0,0
3500,1495,126,2,3,0,29,1,-99,0,0
3501,1495,126,2,3,1,24,1,1,0,0
3502,1496,126,2,2,1,75,1,3,0,0
3503,1496,126,2,1,0,72,1,-99,0,0
3504,1497,126,2,1,0,44,1,-99,0,0
3505,1497,126,2,2,1,43,1,1,0,0
3506,1497,126,2,3,0,20,0,-99,0,0
3507,1498,126,2,1,0,68,1,-99,0,0
3508,1498,126,2,2,1,67,1,2,0,0
3509,1499,126,2,2,1,47,1,0,0,0
3510,1499,126,2,1,0,46,1,-99,0,0
3511,1500,126,2,1,0,47,1,-99,0,0
3512,1500,126,2,2,1,45,1,1,0,0
3513,1500,126,2,4,1,81,1,2,0,0
3514,1500,126,2,5,0,55,1,-99,0,0
3515,1500,126,2,3,0,22,0,-99,0,0
3516,1501,126,2,3,0,25,0,-99,1,1
3517,1501,126,2,2,1,50,1,2,1,1
3518,1501,126,2,1,0,53,1,-99,1,1
3519,1501,126,2,3,0,30,0,-99,1,1
3520,1501,126,2,4,1,81,1,4,1,1
3521,1503,126,2,1,0,56,1,-99,1,1
3522,1503,126,2,2,1,54,1,1,1,1
3523,1503,126,2,3,1,25,0,0,1,1
3524,1504,126,2,32,1,34,1,0,0,0
3525,1504,126,2,3,0,34,1,-99,0,0
3526,1504,126,2,3,0,30,1,-99,0,0
3527,1504,126,2,4,1,72,1,3,0,0
3528,1504,126,2,1,0,55,1,-99,0,0
3529,1504,126,2,3,1,24,1,0,0,0
3530,1504,126,2,6,0,10,0,-99,0,0
3531,1505,126,2,2,1,49,1,2,0,0
3532,1505,126,2,1,0,48,1,-99,0,0
3533,1505,126,2,3,1,27,0,0,0,0
3534,1505,126,2,3,0,25,0,-99,0,0
3535,1506,126,2,4,0,68,1,-99,0,0
3536,1506,126,2,1,0,46,1,-99,0,0
3537,1506,126,2,2,1,42,1,1,0,0
3538,1506,126,2,3,0,22,0,-99,0,0
3539,1507,126,2,1,1,43,0,0,0,0
3540,1507,126,2,4,1,68,1,2,0,0
3541,1508,126,2,1,0,37,1,-99,0,0
3542,1508,126,2,2,1,31,1,1,0,0
3543,1508,126,2,3,0,11,0,-99,0,0
3544,1509,126,2,1,0,65,1,-99,0,0
3545,1509,126,2,2,1,68,1,2,0,0
3546,1510,126,2,1,0,64,1,-99,1,1
3547,1510,126,2,2,1,62,1,1,1,1
3548,1512,118,2,2,1,50,1,1,0,0
3549,1512,118,2,1,0,56,1,-99,0,0
3550,1512,118,2,3,0,28,1,-99,0,0
3551,1512,118,2,6,1,4,0,0,0,0
3552,1512,118,2,32,1,25,1,1,0,0
3553,1513,118,2,1,0,42,1,-99,0,0
3554,1513,118,2,2,1,39,1,2,0,0
3555,1513,118,2,4,1,80,1,4,0,0
3556,1513,118,2,3,1,16,0,0,0,0
3557,1513,118,2,3,0,10,0,-99,0,0
3558,1514,118,2,1,0,45,1,-99,0,0
3559,1514,118,2,2,1,43,1,2,0,0
3560,1514,118,2,3,1,20,0,0,0,0
3561,1514,118,2,3,0,15,0,-99,0,0
3562,1516,118,2,2,1,49,1,1,0,0
3563,1516,118,2,1,0,51,1,-99,0,0
3564,1516,118,2,3,1,20,0,0,0,0
3565,1517,118,2,1,0,50,1,-99,0,0
3566,1517,118,2,2,1,47,1,2,0,0
3567,1517,118,2,3,1,23,1,1,0,0
3568,1517,118,2,3,0,16,0,-99,0,0
3569,1517,118,2,6,0,6,0,-99,0,0
3570,1518,118,2,3,0,31,0,-99,0,0
3571,1518,118,2,1,0,55,1,-99,0,0
3572,1518,118,2,2,1,53,1,1,0,0
3573,1518,118,2,4,0,77,1,-99,0,0
3574,1519,118,2,3,0,17,0,-99,0,0
3575,1519,118,2,1,0,42,1,-99,0,0
3576,1519,118,2,2,1,41,1,1,0,0
3577,1520,118,2,2,1,72,1,3,0,0
3578,1520,118,2,1,0,72,1,-99,0,0
3579,1521,118,2,1,0,38,1,-99,0,0
3580,1521,118,2,2,1,36,1,1,0,0
3581,1521,118,2,3,1,11,0,0,0,0
3582,1522,118,2,1,0,42,0,-99,0,0
3583,1523,118,2,6,0,12,0,-99,0,0
3584,1523,118,2,3,0,32,1,-99,0,0
3585,1523,118,2,1,0,61,1,-99,0,0
3586,1523,118,2,2,1,60,1,1,0,0
3587,1524,118,2,3,0,17,0,-99,0,0
3588,1524,118,2,1,0,56,1,-99,0,0
3589,1524,118,2,2,1,56,1,1,0,0
3590,1526,118,2,3,0,37,1,-99,0,0
3591,1526,118,2,32,1,32,1,1,0,0
3592,1526,118,2,1,0,59,1,-99,0,0
3593,1526,118,2,2,1,58,1,1,0,0
3594,1526,118,2,6,0,9,0,-99,0,0
3595,1527,118,2,1,0,41,1,-99,0,0
3596,1527,118,2,2,1,39,1,2,0,0
3597,1527,118,2,3,0,9,0,-99,0,0
3598,1527,118,2,3,1,12,0,0,0,0
3599,1529,118,2,1,0,55,1,-99,0,0
3600,1529,118,2,2,1,52,1,1,0,0
3601,1529,118,2,3,0,37,1,-99,0,0
3602,1529,118,2,32,1,36,1,1,0,0
3603,1529,118,2,6,1,11,0,0,0,0
3604,1530,118,2,1,0,65,1,-99,0,0
3605,1530,118,2,2,1,64,1,1,0,0
3606,1530,118,2,6,0,9,0,-99,0,0
3607,1530,118,2,6,1,10,0,0,0,0
3608,1530,118,2,3,0,35,1,-99,0,0
3609,1530,118,2,32,1,35,1,2,0,0
3610,1531,118,2,1,0,60,1,-99,0,0
3611,1532,118,2,1,0,38,1,-99,0,0
3612,1532,118,2,2,1,30,1,1,0,0
3613,1532,118,2,3,0,8,0,-99,0,0
3614,1532,118,2,4,1,72,1,3,0,0
3615,1532,118,2,4,0,70,1,-99,0,0
3616,1533,118,2,1,0,45,1,-99,0,0
3617,1533,118,2,2,1,39,1,2,0,0
3618,1533,118,2,3,1,8,0,0,0,0
3619,1533,118,2,4,1,69,1,2,0,0
3620,1533,118,2,3,1,16,0,0,0,0
3621,1534,118,2,3,0,7,0,-99,0,0
3622,1534,118,2,2,1,34,1,1,0,0
3623,1534,118,2,1,0,35,1,-99,0,0
3624,1534,118,2,4,0,71,1,-99,0,0
3625,1535,118,2,1,0,60,1,-99,0,0
3626,1536,118,2,2,1,50,1,2,0,0
3627,1536,118,2,1,0,50,1,-99,0,0
3628,1536,118,2,3,1,25,0,0,0,0
3629,1536,118,2,3,0,23,0,-99,0,0
3630,1537,118,2,2,1,48,1,1,0,0
3631,1537,118,2,1,0,48,1,-99,0,0
3632,1537,118,2,3,0,23,0,-99,0,0
3633,1538,118,2,1,0,62,1,-99,0,0
3634,1539,118,2,6,0,7,0,-99,0,0
3635,1539,118,2,3,0,34,1,-99,0,0
3636,1539,118,2,2,1,63,1,1,0,0
3637,1539,118,2,1,0,60,1,-99,0,0
3638,1540,118,2,2,1,48,1,1,0,0
3639,1540,118,2,1,0,45,1,-99,0,0
3640,1540,118,2,4,1,70,1,3,0,0
3641,1540,118,2,3,0,20,0,-99,0,0
3642,1541,118,2,1,0,47,1,-99,0,0
3643,1541,118,2,2,1,42,1,1,0,0
3644,1541,118,2,3,0,20,0,-99,0,0
3645,1542,118,2,1,0,41,1,-99,0,0
3646,1542,118,2,2,1,36,1,1,0,0
3647,1542,118,2,3,0,9,0,-99,0,0
3648,1543,118,2,1,0,34,0,-99,0,0
3649,1544,118,2,1,0,38,1,-99,0,0
3650,1544,118,2,2,1,37,1,1,0,0
3651,1544,118,2,3,0,12,0,-99,0,0
3652,1544,118,2,4,0,72,1,-99,0,0
3653,1544,118,2,4,1,70,1,2,0,0
3654,1545,118,2,1,1,20,0,0,0,0
3655,1546,118,2,3,0,7,0,-99,0,0
3656,1546,118,2,1,0,39,1,-99,0,0
3657,1546,118,2,2,1,35,1,2,0,0
3658,1546,118,2,3,1,14,0,0,0,0
3659,1547,118,2,1,0,41,1,-99,0,0
3660,1547,118,2,3,1,16,0,0,0,0
3661,1547,118,2,2,1,38,1,2,0,0
3662,1547,118,2,3,0,11,0,-99,0,0
3663,1548,118,2,1,0,51,1,-99,0,0
3664,1548,118,2,4,1,78,1,2,0,0
3665,1549,118,2,3,1,9,0,0,0,0
3666,1549,118,2,4,1,71,1,2,0,0
3667,1549,118,2,2,1,34,1,2,0,0
3668,1549,118,2,1,0,35,1,-99,0,0
3669,1549,118,2,3,0,8,0,-99,0,0
3670,1551,118,2,1,0,37,1,-99,0,0
3671,1551,118,2,2,1,31,1,1,0,0
3672,1551,118,2,3,0,4,0,-99,0,0
3673,1552,125,2,1,0,45,1,-99,0,0
3674,1552,125,2,2,1,43,1,1,0,0
3675,1552,125,2,3,0,24,0,-99,0,0
3676,1553,125,2,3,0,8,0,-99,0,0
3677,1553,125,2,3,1,32,0,0,0,0
3678,1553,125,2,2,1,59,1,2,0,0
3679,1553,125,2,1,0,57,1,-99,0,0
3680,1554,125,2,3,0,40,1,-99,0,0
3681,1554,125,2,32,1,40,1,1,0,0
3682,1554,125,2,1,0,68,1,-99,0,0
3683,1554,125,2,6,0,14,0,-99,0,0
3684,1555,125,2,1,0,65,1,-99,0,0
3685,1555,125,2,2,1,61,1,3,0,0
3686,1556,125,2,1,0,41,1,-99,0,0
3687,1556,125,2,2,1,38,1,1,0,0
3688,1556,125,2,4,1,76,1,2,0,0
3689,1556,125,2,3,0,12,0,-99,0,0
3690,1558,125,2,1,0,86,1,-99,0,0
3691,1559,125,2,1,0,70,1,-99,0,0
3692,1559,125,2,2,1,68,1,3,0,0
3693,1560,125,2,6,0,6,0,-99,0,0
3694,1560,125,2,3,0,38,1,-99,0,0
3695,1560,125,2,5,0,70,1,-99,0,0
3696,1560,125,2,1,0,63,1,-99,0,0
3697,1560,125,2,2,1,56,1,2,0,0
3698,1560,125,2,3,0,25,1,-99,0,0
3699,1561,125,2,1,0,41,1,-99,0,0
3700,1561,125,2,2,1,41,1,1,0,0
3701,1561,125,2,4,0,66,1,-99,0,0
3702,1561,125,2,4,1,64,1,2,0,0
3703,1561,125,2,3,0,17,0,-99,0,0
3704,1562,125,2,2,1,39,1,1,0,0
3705,1562,125,2,1,0,44,1,-99,0,0
3706,1562,125,2,3,0,18,0,-99,0,0
3707,1563,125,2,3,0,32,0,-99,0,0
3708,1563,125,2,2,1,57,1,1,0,0
3709,1563,125,2,1,0,57,1,-99,0,0
3710,1564,125,2,2,1,64,1,2,0,0
3711,1564,125,2,1,0,61,1,-99,0,0
3712,1565,125,2,1,0,45,1,-99,0,0
3713,1565,125,2,2,1,43,1,1,0,0
3714,1565,125,2,3,0,20,0,-99,0,0
3715,1566,125,2,1,0,51,1,-99,0,0
3716,1566,125,2,2,1,51,1,1,0,0
3717,1566,125,2,3,1,26,0,0,0,0
3718,1568,125,2,6,1,10,0,0,0,0
3719,1568,125,2,3,0,35,1,-99,0,0
3720,1568,125,2,1,0,57,1,-99,0,0
3721,1568,125,2,2,1,56,1,1,0,0
3722,1569,125,2,1,0,34,1,-99,0,0
3723,1569,125,2,2,1,30,1,1,0,0
3724,1569,125,2,3,0,6,0,-99,0,0
3725,1570,125,2,1,0,36,0,-99,0,0
3726,1571,125,2,1,1,41,1,1,0,0
3727,1571,125,2,3,0,19,0,-99,0,0
3728,1572,125,2,1,0,42,1,-99,0,0
3729,1572,125,2,2,1,40,1,2,0,0
3730,1572,125,2,3,1,18,0,0,0,0
3731,1572,125,2,3,0,14,0,-99,0,0
3732,1573,112,2,32,1,45,1,1,0,0
3733,1573,112,2,1,1,66,1,1,0,0
3734,1574,112,2,1,0,46,1,-99,0,0
3735,1574,112,2,2,1,44,1,1,0,0
3736,1575,112,2,6,0,13,0,-99,0,0
3737,1575,112,2,3,0,34,1,-99,0,0
3738,1575,112,2,32,1,41,1,1,0,0
3739,1575,112,2,4,1,87,1,1,0,0
3740,1575,112,2,1,0,60,1,-99,0,0
3741,1575,112,2,2,1,56,1,1,0,0
3742,1576,112,2,1,0,62,1,-99,0,0
3743,1576,112,2,2,1,56,1,1,0,0
3744,1576,112,2,3,1,24,0,0,0,0
3745,1577,112,2,3,0,36,0,-99,0,0
3746,1577,112,2,1,0,65,1,-99,0,0
3747,1577,112,2,2,1,59,1,1,0,0
3748,1578,112,2,1,0,43,1,-99,0,0
3749,1578,112,2,2,1,42,1,2,0,0
3750,1578,112,2,3,1,11,0,0,0,0
3751,1578,112,2,4,1,61,1,3,0,0
3752,1578,112,2,3,0,20,0,-99,0,0
3753,1579,112,2,4,1,77,1,3,0,0
3754,1579,112,2,2,1,45,1,1,0,0
3755,1579,112,2,1,0,44,1,-99,0,0
3756,1579,112,2,3,1,16,0,0,0,0
3757,1580,112,2,1,0,58,1,-99,0,0
3758,1581,112,2,2,1,41,1,1,0,0
3759,1581,112,2,1,0,39,1,-99,0,0
3760,1581,112,2,3,1,11,0,0,0,0
3761,1582,112,2,3,0,19,0,-99,0,0
3762,1582,112,2,1,0,61,1,-99,0,0
3763,1582,112,2,2,1,60,1,1,0,0
3764,1583,112,2,3,1,9,0,0,0,0
3765,1583,112,2,2,1,47,1,2,0,0
3766,1583,112,2,1,0,44,1,-99,0,0
3767,1583,112,2,4,0,75,1,-99,0,0
3768,1583,112,2,4,1,72,1,2,0,0
3769,1583,112,2,3,0,18,0,-99,0,0
3770,1584,112,2,1,0,39,1,-99,0,0
3771,1584,112,2,2,1,37,1,2,0,0
3772,1584,112,2,3,0,8,0,-99,0,0
3773,1584,112,2,3,1,13,0,0,0,0
3774,1585,112,2,1,0,37,1,-99,0,0
3775,1585,112,2,3,0,7,0,-99,0,0
3776,1586,112,2,1,0,35,1,-99,0,0
3777,1586,112,2,2,1,37,1,1,0,0
3778,1586,112,2,3,1,7,0,0,0,0
3779,1587,112,2,1,0,34,0,-99,0,0
3780,1588,132,2,2,1,59,1,2,1,1
3781,1588,132,2,1,0,57,1,-99,1,1
3782,1589,132,2,1,0,50,1,-99,1,1
3783,1589,132,2,2,1,46,1,1,1,1
3784,1589,132,2,3,0,23,0,-99,1,1
3785,1590,132,2,2,1,50,1,3,0,0
3786,1590,132,2,1,0,55,1,-99,0,0
3787,1591,132,2,3,1,5,0,0,1,1
3788,1591,132,2,2,1,41,1,2,1,1
3789,1591,132,2,1,0,40,1,-99,1,1
3790,1591,132,2,3,1,18,0,0,1,1
3791,1592,132,2,3,0,26,1,-99,0,0
3792,1592,132,2,6,0,3,0,-99,0,0
3793,1592,132,2,2,1,46,1,1,0,0
3794,1592,132,2,1,0,45,1,-99,0,0
3795,1593,132,2,2,1,47,1,1,0,0
3796,1593,132,2,1,0,53,1,-99,0,0
3797,1593,132,2,3,1,27,0,0,0,0
3798,1596,132,2,2,1,47,1,2,0,0
3799,1596,132,2,1,0,47,1,-99,0,0
3800,1596,132,2,3,1,23,0,0,0,0
3801,1596,132,2,3,0,15,0,-99,0,0
3802,1597,132,2,1,1,20,0,0,0,0
3803,1598,132,2,2,1,57,1,1,0,0
3804,1598,132,2,1,0,53,1,-99,0,0
3805,1598,132,2,3,0,28,0,-99,0,0
3806,1599,132,2,1,0,45,1,-99,0,0
3807,1599,132,2,2,1,42,1,1,0,0
3808,1601,132,2,3,0,40,1,-99,0,0
3809,1601,132,2,32,1,37,1,1,0,0
3810,1601,132,2,2,1,57,1,1,0,0
3811,1601,132,2,1,0,57,1,-99,0,0
3812,1601,132,2,6,0,14,0,-99,0,0
3813,1602,132,2,1,0,41,1,-99,0,0
3814,1602,132,2,2,1,41,1,1,0,0
3815,1602,132,2,3,0,17,0,-99,0,0
3816,1603,132,2,1,0,77,1,-99,0,0
3817,1604,132,2,2,1,81,1,3,0,0
3818,1604,132,2,1,0,80,1,-99,0,0
3819,1605,132,2,1,0,81,1,-99,0,0
3820,1605,132,2,2,1,84,1,3,0,0
3821,1606,132,2,1,0,36,1,-99,0,0
3822,1606,132,2,2,1,37,1,1,0,0
3823,1606,132,2,3,0,12,0,-99,0,0
3824,1607,132,2,1,0,32,0,-99,0,0
3825,1608,132,2,4,1,79,1,2,0,0
3826,1608,132,2,1,0,46,0,-99,0,0
3827,1609,124,2,6,1,4,0,0,0,0
3828,1609,124,2,3,0,37,1,-99,0,0
3829,1609,124,2,1,0,79,1,-99,0,0
3830,1609,124,2,2,1,70,1,1,0,0
3831,1610,124,2,2,1,49,1,1,0,0
3832,1610,124,2,1,0,47,1,-99,0,0
3833,1610,124,2,3,0,26,0,-99,0,0
3834,1611,124,2,3,1,19,0,0,0,0
3835,1611,124,2,1,0,45,1,-99,0,0
3836,1611,124,2,2,1,51,1,1,0,0
3837,1612,124,2,1,0,47,1,-99,0,0
3838,1612,124,2,3,1,26,0,0,0,0
3839,1612,124,2,3,0,18,0,-99,0,0
3840,1612,124,2,53,0,18,0,-99,0,0
3841,1613,124,2,1,0,51,1,-99,0,0
3842,1613,124,2,3,1,12,0,0,0,0
3843,1613,124,2,2,1,53,1,2,0,0
3844,1613,124,2,3,1,27,0,0,0,0
3845,1614,124,2,2,1,46,1,2,0,0
3846,1614,124,2,1,0,45,1,-99,0,0
3847,1614,124,2,3,1,21,0,0,0,0
3848,1614,124,2,3,1,15,0,0,0,0
3849,1616,124,2,6,0,9,0,-99,0,0
3850,1616,124,2,3,0,33,1,-99,0,0
3851,1616,124,2,32,1,32,1,1,0,0
3852,1616,124,2,1,0,56,1,-99,0,0
3853,1616,124,2,2,1,52,1,1,0,0
3854,1617,124,2,3,0,34,1,-99,0,0
3855,1617,124,2,32,1,30,1,1,0,0
3856,1617,124,2,6,1,8,0,0,0,0
3857,1617,124,2,4,0,80,1,-99,0,0
3858,1617,124,2,1,0,59,1,-99,0,0
3859,1617,124,2,2,1,53,1,1,0,0
3860,1618,124,2,6,1,8,0,0,0,0
3861,1618,124,2,3,0,33,1,-99,0,0
3862,1618,124,2,32,1,31,1,1,0,0
3863,1618,124,2,1,0,54,1,-99,0,0
3864,1618,124,2,2,1,54,1,1,0,0
3865,1619,124,2,1,0,46,0,-99,0,0
3866,1620,124,2,3,1,11,0,0,0,0
3867,1620,124,2,1,0,41,1,-99,0,0
3868,1620,124,2,2,1,38,1,1,0,0
3869,1621,124,2,4,0,76,1,-99,0,0
3870,1621,124,2,1,0,56,1,-99,0,0
3871,1621,124,2,2,1,56,1,1,0,0
3872,1621,124,2,3,0,27,0,-99,0,0
3873,1622,124,2,3,0,37,0,-99,0,0
3874,1622,124,2,1,0,71,1,-99,0,0
3875,1622,124,2,2,1,63,1,1,0,0
3876,1623,124,2,3,0,30,0,-99,0,0
3877,1623,124,2,1,0,54,1,-99,0,0
3878,1623,124,2,2,1,51,1,1,0,0
3879,1624,124,2,1,0,47,1,-99,0,0
3880,1624,124,2,2,1,45,1,1,0,0
3881,1624,124,2,4,1,82,1,4,0,0
3882,1624,124,2,3,0,19,0,-99,0,0
3883,1625,124,2,3,0,7,0,-99,0,0
3884,1625,124,2,1,0,41,1,-99,0,0
3885,1625,124,2,2,1,36,1,2,0,0
3886,1625,124,2,4,1,76,1,4,0,0
3887,1625,124,2,3,1,15,0,0,0,0
3888,1627,124,2,32,1,28,1,0,0,0
3889,1627,124,2,2,1,51,1,3,0,0
3890,1627,124,2,1,0,53,1,-99,0,0
3891,1628,124,2,3,0,38,0,-99,0,0
3892,1628,124,2,1,0,71,1,-99,0,0
3893,1628,124,2,2,1,61,1,1,0,0
3894,1629,124,2,2,1,46,1,1,0,0
3895,1629,124,2,1,0,46,1,-99,0,0
3896,1629,124,2,3,0,24,0,-99,0,0
3897,1630,124,2,1,0,45,1,-99,0,0
3898,1630,124,2,2,1,45,1,1,0,0
3899,1630,124,2,3,0,22,0,-99,0,0
3900,1632,124,2,1,0,63,1,-99,0,0
3901,1632,124,2,2,1,42,1,2,0,0
3902,1633,124,2,5,1,34,0,0,0,0
3903,1633,124,2,1,0,40,1,-99,0,0
3904,1633,124,2,4,0,73,1,-99,0,0
3905,1633,124,2,4,1,63,1,1,0,0
3906,1633,124,2,3,0,19,0,-99,0,0
3907,1633,124,2,2,1,38,1,1,0,0
3908,1634,124,2,3,1,10,0,0,0,0
3909,1634,124,2,3,0,8,0,-99,0,0
3910,1634,124,2,1,0,37,1,-99,0,0
3911,1634,124,2,4,1,61,1,4,0,0
3912,1635,124,2,6,0,6,0,-99,0,0
3913,1635,124,2,3,0,37,1,-99,0,0
3914,1635,124,2,1,0,67,1,-99,0,0
3915,1636,124,2,1,0,49,1,-99,0,0
3916,1636,124,2,2,1,47,1,1,0,0
3917,1636,124,2,3,0,24,0,-99,0,0
3918,1637,124,2,6,0,5,0,-99,0,0
3919,1637,124,2,3,0,32,1,-99,0,0
3920,1637,124,2,1,0,57,1,-99,0,0
3921,1637,124,2,2,1,54,1,2,0,0
3922,1637,124,2,3,0,27,1,-99,0,0
3923,1638,124,2,2,1,61,1,1,0,0
3924,1638,124,2,1,0,61,1,-99,0,0
3925,1638,124,2,6,0,9,0,-99,0,0
3926,1638,124,2,32,1,32,1,1,0,0
3927,1639,124,2,6,0,4,0,-99,0,0
3928,1639,124,2,5,0,55,1,-99,0,0
3929,1639,124,2,2,1,52,1,1,0,0
3930,1639,124,2,1,0,52,1,-99,0,0
3931,1639,124,2,3,0,28,1,-99,0,0
3932,1640,124,2,1,0,65,1,-99,0,0
3933,1641,124,2,3,0,9,0,-99,0,0
3934,1641,124,2,1,0,36,1,-99,0,0
3935,1641,124,2,2,1,30,1,1,0,0
3936,1641,124,2,4,0,67,1,-99,0,0
3937,1642,124,2,1,0,36,1,-99,0,0
3938,1642,124,2,2,1,31,1,1,0,0
3939,1642,124,2,3,0,6,0,-99,0,0
3940,1644,124,2,2,1,41,1,1,0,0
3941,1644,124,2,1,0,39,1,-99,0,0
3942,1644,124,2,4,0,68,1,-99,0,0
3943,1644,124,2,3,0,17,0,-99,0,0
3944,1645,124,2,1,0,44,1,-99,0,0
3945,1645,124,2,2,1,41,1,1,0,0
3946,1645,124,2,3,0,12,0,-99,0,0
3947,1646,124,2,2,1,45,1,1,0,0
3948,1646,124,2,1,0,47,1,-99,0,0
3949,1646,124,2,4,1,74,1,3,0,0
3950,1647,119,2,2,1,59,1,1,0,0
3951,1647,119,2,1,0,57,1,-99,0,0
3952,1648,119,2,3,1,27,1,1,0,0
3953,1648,119,2,32,1,28,1,0,0,0
3954,1648,119,2,6,0,6,0,-99,0,0
3955,1648,119,2,3,0,33,1,-99,0,0
3956,1648,119,2,2,1,59,1,2,0,0
3957,1648,119,2,1,0,57,1,-99,0,0
3958,1649,119,2,7,1,54,1,0,0,0
3959,1649,119,2,3,0,26,0,-99,0,0
3960,1649,119,2,1,0,49,1,-99,0,0
3961,1649,119,2,2,1,46,1,2,0,0
3962,1649,119,2,3,0,24,0,-99,0,0
3963,1650,119,2,1,0,44,1,-99,0,0
3964,1650,119,2,2,1,44,1,2,0,0
3965,1650,119,2,3,1,18,0,0,0,0
3966,1650,119,2,3,0,14,0,-99,0,0
3967,1651,119,2,1,0,41,1,-99,0,0
3968,1651,119,2,2,1,35,1,1,0,0
3969,1651,119,2,4,1,65,1,3,0,0
3970,1651,119,2,3,0,11,0,-99,0,0
3971,1653,119,2,1,0,47,1,-99,0,0
3972,1653,119,2,2,1,46,1,2,0,0
3973,1653,119,2,3,1,23,0,0,0,0
3974,1653,119,2,3,0,18,0,-99,0,0
3975,1654,119,2,2,1,45,1,1,0,0
3976,1654,119,2,1,0,44,1,-99,0,0
3977,1654,119,2,3,0,22,0,-99,0,0
3978,1655,119,2,1,0,41,1,-99,0,0
3979,1655,119,2,2,1,40,1,1,0,0
3980,1655,119,2,3,0,10,0,-99,0,0
3981,1656,119,2,32,1,29,1,1,0,0
3982,1656,119,2,6,0,8,0,-99,0,0
3983,1656,119,2,1,0,59,1,-99,0,0
3984,1656,119,2,2,1,54,1,1,0,0
3985,1656,119,2,3,0,31,1,-99,0,0
3986,1657,119,2,1,0,41,0,-99,0,0
3987,1658,119,2,3,1,12,0,0,0,0
3988,1658,119,2,3,1,18,0,0,0,0
3989,1658,119,2,1,0,55,1,-99,0,0
3990,1658,119,2,2,1,54,1,2,0,0
3991,1659,119,2,1,0,42,1,-99,0,0
3992,1659,119,2,2,1,40,1,2,0,0
3993,1659,119,2,7,1,34,0,0,0,0
3994,1659,119,2,4,0,70,1,-99,0,0
3995,1659,119,2,4,1,67,1,1,0,0
3996,1659,119,2,3,1,15,0,0,0,0
3997,1659,119,2,3,0,10,0,-99,0,0
3998,1660,119,2,1,0,81,1,-99,0,0
3999,1662,119,2,5,0,48,1,-99,0,0
4000,1662,119,2,7,1,40,0,0,0,0
4001,1662,119,2,53,0,37,1,-99,0,0
4002,1662,119,2,5,0,61,1,-99,0,0
4003,1662,119,2,1,0,53,1,-99,0,0
4004,1662,119,2,7,0,14,0,-99,0,0
4005,1663,119,2,1,0,56,1,-99,0,0
4006,1663,119,2,2,1,54,1,1,0,0
4007,1663,119,2,3,0,28,0,-99,0,0
4008,1664,119,2,45,0,50,1,-99,0,0
4009,1664,119,2,1,0,33,0,-99,0,0
4010,1665,119,2,1,0,36,0,-99,0,0
4011,1665,119,2,4,1,59,1,1,0,0
4012,1666,119,2,1,0,55,1,-99,0,0
4013,1666,119,2,2,1,45,1,0,0,0
4014,1667,119,2,1,0,39,1,-99,0,0
4015,1667,119,2,4,1,75,1,4,0,0
4016,1667,119,2,2,1,40,1,2,0,0
4017,1667,119,2,3,1,16,0,0,0,0
4018,1667,119,2,3,0,9,0,-99,0,0
4019,1668,119,2,1,0,9,0,-99,0,0
4020,1669,123,2,2,1,45,1,1,0,0
4021,1669,123,2,1,0,43,1,-99,0,0
4022,1669,123,2,4,0,67,1,-99,0,0
4023,1669,123,2,3,0,25,0,-99,0,0
4024,1670,123,2,2,1,44,1,1,0,0
4025,1670,123,2,1,0,39,1,-99,0,0
4026,1670,123,2,4,0,64,1,-99,0,0
4027,1670,123,2,4,1,63,1,2,0,0
4028,1670,123,2,3,0,15,0,-99,0,0
4029,1671,123,2,1,0,41,1,-99,0,0
4030,1671,123,2,2,1,40,1,1,0,0
4031,1671,123,2,4,1,81,1,3,0,0
4032,1671,123,2,3,0,19,0,-99,0,0
4033,1672,123,2,1,0,49,1,-99,0,0
4034,1672,123,2,2,1,47,1,1,0,0
4035,1672,123,2,3,1,24,0,0,0,0
4036,1673,123,2,2,1,47,1,1,0,0
4037,1673,123,2,1,0,46,1,-99,0,0
4038,1673,123,2,3,0,24,0,-99,0,0
4039,1674,123,2,3,0,4,0,-99,0,0
4040,1674,123,2,1,0,35,1,-99,0,0
4041,1674,123,2,2,1,34,1,2,0,0
4042,1674,123,2,3,1,11,0,0,0,0
4043,1675,123,2,1,0,48,1,-99,0,0
4044,1675,123,2,4,1,70,1,3,0,0
4045,1675,123,2,4,0,72,1,-99,0,0
4046,1675,123,2,2,1,55,1,2,0,0
4047,1675,123,2,3,1,28,1,0,0,0
4048,1675,123,2,3,0,26,1,-99,0,0
4049,1675,123,2,6,1,4,0,0,0,0
4050,1677,123,2,1,0,51,1,-99,0,0
4051,1677,123,2,2,1,51,1,1,0,0
4052,1677,123,2,3,0,25,0,-99,0,0
4053,1678,123,2,6,1,9,0,0,0,0
4054,1678,123,2,1,0,60,1,-99,0,0
4055,1679,123,2,32,1,34,1,0,0,0
4056,1679,123,2,2,1,51,1,1,0,0
4057,1679,123,2,3,0,33,1,-99,0,0
4058,1679,123,2,1,0,52,1,-99,0,0
4059,1681,123,2,1,0,43,1,-99,0,0
4060,1681,123,2,2,1,43,1,1,0,0
4061,1681,123,2,3,1,14,0,0,0,0
4062,1682,123,2,1,0,46,0,-99,0,0
4063,1683,123,2,1,0,50,1,-99,0,0
4064,1683,123,2,2,1,46,1,1,0,0
4065,1683,123,2,3,1,20,0,0,0,0
4066,1684,123,2,1,0,44,1,-99,0,0
4067,1684,123,2,2,1,42,1,2,0,0
4068,1684,123,2,3,0,13,0,-99,0,0
4069,1684,123,2,3,1,20,0,0,0,0
4070,1685,123,2,6,0,6,0,-99,0,0
4071,1685,123,2,3,0,31,1,-99,0,0
4072,1685,123,2,1,0,54,1,-99,0,0
4073,1685,123,2,2,1,53,1,2,0,0
4074,1685,123,2,3,1,28,1,1,0,0
4075,1686,123,2,1,0,41,1,-99,0,0
4076,1686,123,2,2,1,39,1,2,0,0
4077,1686,123,2,3,0,13,0,-99,0,0
4078,1686,123,2,3,1,18,0,0,0,0
4079,1687,123,2,1,0,42,1,-99,0,0
4080,1687,123,2,2,1,40,1,2,0,0
4081,1687,123,2,5,0,39,0,-99,0,0
4082,1687,123,2,3,1,17,0,0,0,0
4083,1687,123,2,3,0,10,0,-99,0,0
4084,1688,123,2,1,0,41,1,-99,0,0
4085,1688,123,2,2,1,39,1,1,0,0
4086,1688,123,2,4,1,60,1,2,0,0
4087,1688,123,2,4,0,59,1,-99,0,0
4088,1688,123,2,3,0,16,0,-99,0,0
4089,1689,123,2,2,1,50,1,1,0,0
4090,1689,123,2,1,0,50,1,-99,0,0
4091,1689,123,2,3,0,25,0,-99,0,0
4092,1690,123,2,1,0,46,1,-99,0,0
4093,1690,123,2,2,1,45,1,2,0,0
4094,1690,123,2,3,0,12,0,-99,0,0
4095,1690,123,2,3,1,19,0,0,0,0
4096,1692,123,2,32,1,30,1,1,0,0
4097,1692,123,2,6,0,4,0,-99,0,0
4098,1692,123,2,2,1,50,1,1,0,0
4099,1692,123,2,1,0,52,1,-99,0,0
4100,1692,123,2,3,1,24,1,1,0,0
4101,1693,123,2,1,0,71,1,-99,0,0
4102,1693,123,2,2,1,66,1,3,0,0
4103,1694,123,2,2,1,44,1,2,0,0
4104,1694,123,2,1,0,44,1,-99,0,0
4105,1694,123,2,3,1,19,0,0,0,0
4106,1694,123,2,3,0,14,0,-99,0,0
4107,1695,123,2,1,0,66,1,-99,0,0
4108,1695,123,2,2,1,63,1,3,0,0
4109,1696,123,2,1,0,30,0,-99,0,0
4110,1697,113,2,1,0,37,0,-99,0,0
4111,1698,113,2,1,0,68,1,-99,0,0
4112,1699,113,2,3,0,28,1,-99,0,0
4113,1699,113,2,32,1,28,1,1,0,0
4114,1699,113,2,6,0,4,0,-99,0,0
4115,1699,113,2,2,1,51,1,1,0,0
4116,1699,113,2,1,0,53,1,-99,0,0
4117,1700,113,2,1,0,44,0,-99,0,0
4118,1701,113,2,1,0,71,1,-99,0,0
4119,1701,113,2,2,1,67,1,1,0,0
4120,1701,113,2,3,0,34,0,-99,0,0
4121,1701,113,2,7,1,68,1,0,0,0
4122,1702,113,2,3,0,25,0,-99,0,0
4123,1702,113,2,1,0,50,1,-99,0,0
4124,1702,113,2,2,1,48,1,1,0,0
4125,1702,113,2,4,0,75,1,-99,0,0
4126,1702,113,2,4,1,73,1,3,0,0
4127,1704,113,2,3,0,27,1,-99,0,0
4128,1704,113,2,32,1,27,1,1,0,0
4129,1704,113,2,6,1,4,0,0,0,0
4130,1704,113,2,2,1,49,1,1,0,0
4131,1704,113,2,1,0,49,1,-99,0,0
4132,1705,113,2,2,1,49,1,1,1,1
4133,1705,113,2,1,0,59,1,-99,1,1
4134,1705,113,2,3,0,20,0,-99,1,1
4135,1706,113,2,3,0,35,0,-99,1,1
4136,1706,113,2,3,1,33,0,0,1,1
4137,1706,113,2,1,0,57,1,-99,1,1
4138,1706,113,2,2,1,57,1,2,1,1
4139,1707,113,2,1,0,42,1,-99,0,0
4140,1707,113,2,2,1,42,1,2,0,0
4141,1707,113,2,3,0,12,0,-99,0,0
4142,1707,113,2,3,1,19,0,0,0,0
4143,1708,113,2,32,1,34,1,1,0,0
4144,1708,113,2,6,1,7,0,0,0,0
4145,1708,113,2,3,0,38,1,-99,0,0
4146,1708,113,2,3,0,32,1,-99,0,0
4147,1708,113,2,2,1,71,1,2,0,0
4148,1708,113,2,1,0,64,1,-99,0,0
4149,1709,113,2,3,0,47,1,-99,1,1
4150,1709,113,2,32,1,46,1,2,1,1
4151,1709,113,2,1,0,75,1,-99,1,1
4152,1709,113,2,6,0,27,1,-99,1,1
4153,1709,113,2,6,0,26,1,-99,1,1
4154,1710,113,2,3,0,40,0,-99,1,1
4155,1710,113,2,1,0,73,1,-99,1,1
4156,1710,113,2,2,1,67,1,1,1,1
4157,1711,113,2,2,1,50,1,1,0,0
4158,1711,113,2,1,0,58,1,-99,0,0
4159,1711,113,2,3,0,25,0,-99,0,0
4160,1712,113,2,3,0,37,0,-99,1,1
4161,1712,113,2,1,0,60,1,-99,1,1
4162,1712,113,2,2,1,57,1,1,1,1
4163,1713,113,2,1,0,38,1,-99,1,1
4164,1713,113,2,5,0,35,0,-99,1,1
4165,1713,113,2,4,0,64,1,-99,1,1
4166,1713,113,2,3,1,7,0,0,1,1
4167,1714,113,2,1,0,42,1,-99,0,0
4168,1714,113,2,2,1,40,1,2,0,0
4169,1716,113,2,3,0,24,0,-99,1,1
4170,1716,113,2,1,0,50,1,-99,1,1
4171,1716,113,2,2,1,47,1,1,1,1
4172,1717,113,2,3,0,22,0,-99,0,0
4173,1717,113,2,2,1,47,1,1,0,0
4174,1717,113,2,1,0,46,1,-99,0,0
4175,1717,113,2,4,1,75,1,2,0,0
4176,1718,113,2,3,0,11,0,-99,0,0
4177,1718,113,2,1,0,39,1,-99,0,0
4178,1718,113,2,2,1,37,1,2,0,0
4179,1718,113,2,7,1,71,1,0,0,0
4180,1718,113,2,3,0,16,0,-99,0,0
4181,1719,113,2,1,0,77,1,-99,0,0
4182,1720,113,2,1,0,41,1,-99,1,1
4183,1720,113,2,3,1,13,0,0,1,1
4184,1720,113,2,2,1,38,1,1,1,1
4185,1721,114,2,2,1,47,1,2,0,0
4186,1721,114,2,1,0,46,1,-99,0,0
4187,1721,114,2,3,1,22,0,0,0,0
4188,1721,114,2,3,0,16,0,-99,0,0
4189,1722,114,2,32,1,43,1,1,1,1
4190,1722,114,2,6,0,4,0,-99,1,1
4191,1722,114,2,3,0,41,1,-99,1,1
4192,1722,114,2,1,0,68,1,-99,1,1
4193,1723,114,2,1,0,45,1,-99,0,0
4194,1723,114,2,2,1,43,1,1,0,0
4195,1723,114,2,5,1,41,0,0,0,0
4196,1723,114,2,4,0,77,1,-99,0,0
4197,1723,114,2,4,1,74,1,4,0,0
4198,1723,114,2,3,0,18,0,-99,0,0
4199,1724,114,2,6,1,4,0,0,0,0
4200,1724,114,2,1,0,51,1,-99,0,0
4201,1724,114,2,2,1,50,1,1,0,0
4202,1724,114,2,3,0,25,1,-99,0,0
4203,1725,114,2,2,1,47,1,2,1,1
4204,1725,114,2,1,0,47,1,-99,1,1
4205,1725,114,2,3,0,13,0,-99,1,1
4206,1725,114,2,3,1,22,0,0,1,1
4207,1726,114,2,1,0,44,0,-99,1,1
4208,1726,114,2,4,1,80,1,1,1,1
4209,1726,114,2,4,0,78,1,-99,1,1
4210,1728,114,2,2,1,24,1,1,1,1
4211,1728,114,2,3,0,4,0,-99,1,1
4212,1728,114,2,1,0,34,1,-99,1,1
4213,1728,114,2,4,1,57,1,4,1,1
4214,1728,114,2,5,1,27,0,0,1,1
4215,1729,114,2,1,0,49,1,-99,0,0
4216,1729,114,2,2,1,49,1,1,0,0
4217,1729,114,2,3,1,24,0,0,0,0
4218,1730,114,2,1,0,77,1,-99,1,1
4219,1730,114,2,2,1,70,1,1,1,1
4220,1731,114,2,1,0,44,1,-99,0,0
4221,1731,114,2,2,1,41,1,1,0,0
4222,1731,114,2,3,0,18,0,-99,0,0
4223,1732,114,2,3,0,12,0,-99,1,1
4224,1732,114,2,2,1,48,1,2,1,1
4225,1732,114,2,4,1,80,1,1,1,1
4226,1732,114,2,1,0,55,1,-99,1,1
4227,1732,114,2,3,1,19,0,0,1,1
4228,1734,114,2,3,1,31,0,0,0,0
4229,1734,114,2,1,0,55,1,-99,0,0
4230,1734,114,2,2,1,55,1,1,0,0
4231,1735,114,2,3,0,38,0,-99,0,0
4232,1735,114,2,3,1,35,0,0,0,0
4233,1735,114,2,1,0,76,1,-99,0,0
4234,1735,114,2,2,1,69,1,2,0,0
4235,1736,114,2,3,0,39,1,-99,0,0
4236,1736,114,2,32,1,33,1,1,0,0
4237,1736,114,2,6,0,13,0,-99,0,0
4238,1736,114,2,1,0,71,1,-99,0,0
4239,1736,114,2,2,1,66,1,1,0,0
4240,1737,114,2,2,1,51,1,1,0,0
4241,1737,114,2,1,0,56,1,-99,0,0
4242,1737,114,2,3,0,28,0,-99,0,0
4243,1738,114,2,3,0,39,1,-99,0,0
4244,1738,114,2,32,1,37,1,1,0,0
4245,1738,114,2,3,1,34,1,0,0,0
4246,1738,114,2,6,1,12,0,0,0,0
4247,1738,114,2,1,0,62,1,-99,0,0
4248,1738,114,2,2,1,61,1,2,0,0
4249,1739,114,2,32,1,25,1,1,1,1
4250,1739,114,2,6,1,3,0,0,1,1
4251,1739,114,2,1,0,57,1,-99,1,1
4252,1740,114,2,2,1,57,1,2,1,1
4253,1740,114,2,3,0,26,0,-99,1,1
4254,1740,114,2,3,0,41,0,-99,1,1
4255,1740,114,2,1,0,74,1,-99,1,1
4256,1741,114,2,2,1,67,1,3,0,0
4257,1741,114,2,1,0,61,1,-99,0,0
4258,1742,114,2,1,1,73,1,1,0,0
4259,1744,114,2,1,1,59,1,2,0,0
4260,1745,114,2,1,0,51,1,-99,0,0
4261,1745,114,2,2,1,48,1,2,0,0
4262,1745,114,2,53,0,35,1,-99,0,0
4263,1745,114,2,3,0,25,0,-99,0,0
4264,1745,114,2,3,1,23,0,0,0,0
4265,1746,114,2,1,0,68,1,-99,0,0
4266,1747,114,2,1,0,73,1,-99,0,0
4267,1748,114,2,32,1,27,1,1,1,1
4268,1748,114,2,6,1,7,0,0,1,1
4269,1748,114,2,3,0,36,1,-99,1,1
4270,1748,114,2,3,0,32,1,-99,1,1
4271,1748,114,2,1,0,61,1,-99,1,1
4272,1748,114,2,2,1,59,1,2,1,1
4273,1749,114,2,1,0,47,1,-99,0,0
4274,1749,114,2,2,1,45,1,2,0,0
4275,1749,114,2,5,0,60,0,-99,0,0
4276,1749,114,2,3,1,24,0,0,0,0
4277,1749,114,2,3,0,19,0,-99,0,0
4278,1751,114,2,2,1,50,1,2,1,1
4279,1751,114,2,1,0,46,1,-99,1,1
4280,1751,114,2,3,0,18,0,-99,1,1
4281,1751,114,2,3,0,18,0,-99,1,1
4282,1752,114,2,32,1,46,1,1,1,1
4283,1752,114,2,3,0,43,1,-99,1,1
4284,1752,114,2,1,0,71,1,-99,1,1
4285,1752,114,2,2,1,56,1,1,1,1
4286,1752,114,2,6,0,20,0,-99,1,1
4287,1753,114,2,2,1,44,1,1,0,0
4288,1753,114,2,1,0,43,1,-99,0,0
4289,1753,114,2,3,0,18,0,-99,0,0
4290,1754,114,2,1,0,82,1,-99,0,0
4291,1755,114,2,1,0,43,1,-99,1,1
4292,1755,114,2,2,1,39,1,1,1,1
4293,1755,114,2,3,0,16,0,-99,1,1
4294,1756,114,2,1,1,37,1,1,1,1
4295,1756,114,2,3,1,8,0,0,1,1
4296,1757,114,2,1,1,27,0,0,1,1
4297,1758,114,2,1,0,39,1,-99,0,0
4298,1758,117,2,2,1,51,1,2,0,0
4299,1760,117,2,5,0,56,0,-99,0,0
4300,1760,117,2,1,0,55,1,-99,0,0
4301,1760,117,2,3,0,26,0,-99,0,0
4302,1761,117,2,1,0,60,1,-99,0,0
4303,1761,117,2,2,1,56,1,1,0,0
4304,1761,117,2,4,1,84,1,2,0,0
4305,1762,117,2,2,1,52,1,1,0,0
4306,1762,117,2,1,0,51,1,-99,0,0
4307,1762,117,2,3,0,27,1,-99,0,0
4308,1762,117,2,32,1,32,1,0,0,0
4309,1763,117,2,3,0,34,1,-99,1,1
4310,1763,117,2,1,0,59,1,-99,1,1
4311,1763,117,2,2,1,59,1,2,1,1
4312,1763,117,2,3,1,27,1,1,1,1
4313,1763,117,2,6,0,10,0,-99,1,1
4314,1764,117,2,1,0,48,1,-99,1,1
4315,1764,117,2,2,1,46,1,1,1,1
4316,1764,117,2,3,0,15,0,-99,1,1
4317,1765,117,2,3,1,12,0,0,1,1
4318,1765,117,2,3,1,9,0,0,1,1
4319,1765,117,2,1,0,41,1,-99,1,1
4320,1766,117,2,4,1,79,1,1,0,0
4321,1766,117,2,1,0,56,1,-99,0,0
4322,1767,117,2,1,0,46,1,-99,0,0
4323,1767,117,2,2,1,45,1,2,0,0
4324,1767,117,2,4,1,67,1,2,0,0
4325,1767,117,2,3,1,29,0,0,0,0
4326,1767,117,2,3,0,20,0,-99,0,0
4327,1768,117,2,1,0,44,1,-99,0,0
4328,1768,117,2,2,1,42,1,1,0,0
4329,1768,117,2,4,0,71,1,-99,0,0
4330,1768,117,2,3,0,22,0,-99,0,0
4331,1769,117,2,3,0,43,0,-99,0,0
4332,1769,117,2,1,0,64,1,-99,0,0
4333,1769,117,2,2,1,64,1,1,0,0
4334,1770,117,2,1,0,45,1,-99,0,0
4335,1770,117,2,2,1,45,1,1,0,0
4336,1770,117,2,3,0,19,0,-99,0,0
4337,1771,117,2,1,0,34,1,-99,0,0
4338,1771,117,2,2,1,32,1,1,0,0
4339,1771,117,2,4,0,65,1,-99,0,0
4340,1771,117,2,3,1,10,0,0,0,0
4341,1773,117,2,6,1,13,0,0,0,0
4342,1773,117,2,3,0,36,1,-99,0,0
4343,1773,117,2,1,0,66,1,-99,0,0
4344,1774,117,2,3,0,42,1,-99,0,0
4345,1774,117,2,1,0,76,1,-99,0,0
4346,1774,117,2,6,0,7,0,-99,0,0
4347,1775,117,2,2,1,47,1,1,0,0
4348,1775,117,2,1,0,46,1,-99,0,0
4349,1775,117,2,3,0,25,0,-99,0,0
4350,1776,117,2,1,0,47,1,-99,0,0
4351,1776,117,2,2,1,45,1,2,0,0
4352,1776,117,2,3,1,23,0,0,0,0
4353,1776,117,2,3,0,21,0,-99,0,0
4354,1777,117,2,3,0,11,0,-99,0,0
4355,1777,117,2,1,0,37,1,-99,0,0
4356,1777,117,2,2,1,34,1,1,0,0
4357,1777,117,2,4,1,72,1,2,0,0
4358,1778,117,2,3,0,38,1,-99,0,0
4359,1778,117,2,32,1,35,1,1,0,0
4360,1778,117,2,1,0,64,1,-99,0,0
4361,1778,117,2,2,1,63,1,1,0,0
4362,1778,117,2,6,0,14,0,-99,0,0
4363,1779,117,2,3,0,26,0,-99,0,0
4364,1779,117,2,1,0,51,1,-99,0,0
4365,1779,117,2,2,1,51,1,1,0,0
4366,1780,117,2,1,0,54,1,-99,0,0
4367,1780,117,2,2,1,54,1,1,0,0
4368,1780,117,2,3,0,29,0,-99,0,0
4369,1781,117,2,2,1,40,1,1,0,0
4370,1781,117,2,1,0,39,1,-99,0,0
4371,1781,117,2,4,1,59,1,2,0,0
4372,1781,117,2,3,0,13,0,-99,0,0
4373,1782,117,2,1,0,37,1,-99,0,0
4374,1782,117,2,2,1,41,1,1,0,0
4375,1782,117,2,3,0,15,0,-99,0,0
4376,1783,117,2,1,0,77,1,-99,0,0
4377,1784,117,2,1,1,90,1,3,0,0
4378,1785,117,2,1,0,31,1,-99,0,0
4379,1785,117,2,3,1,8,0,0,0,0
4380,1787,122,2,6,0,3,0,-99,0,0
4381,1787,122,2,2,1,50,1,3,0,0
4382,1787,122,2,4,1,69,1,3,0,0
4383,1787,122,2,1,0,52,1,-99,0,0
4384,1788,122,2,2,1,40,1,1,1,1
4385,1788,122,2,1,0,38,1,-99,1,1
4386,1788,122,2,3,0,15,0,-99,1,1
4387,1789,122,2,3,0,30,1,-99,0,0
4388,1789,122,2,6,1,3,0,0,0,0
4389,1789,122,2,6,0,3,0,-99,0,0
4390,1789,122,2,1,0,52,1,-99,0,0
4391,1790,122,2,1,0,42,1,-99,0,0
4392,1790,122,2,2,1,41,1,2,0,0
4393,1790,122,2,3,0,13,0,-99,0,0
4394,1790,122,2,3,1,18,0,0,0,0
4395,1792,122,2,3,1,4,0,0,0,0
4396,1792,122,2,2,1,44,1,3,0,0
4397,1792,122,2,4,1,59,1,1,0,0
4398,1792,122,2,3,0,20,0,-99,0,0
4399,1792,122,2,32,1,43,1,1,0,0
4400,1792,122,2,3,0,43,1,-99,0,0
4401,1792,122,2,2,1,70,1,3,0,0
4402,1792,122,2,1,0,70,1,-99,0,0
4403,1793,122,2,6,1,20,0,0,0,0
4404,1793,122,2,6,0,14,0,-99,0,0
4405,1793,122,2,3,0,40,1,-99,0,0
4406,1793,122,2,32,1,42,1,2,0,0
4407,1793,122,2,2,1,76,1,1,0,0
4408,1793,122,2,1,0,75,1,-99,0,0
4409,1794,122,2,6,0,17,0,-99,0,0
4410,1794,122,2,1,0,64,1,-99,0,0
4411,1795,122,2,6,1,9,0,0,1,1
4412,1795,122,2,3,0,40,1,-99,1,1
4413,1795,122,2,3,0,38,1,-99,1,1
4414,1795,122,2,1,0,66,1,-99,1,1
4415,1795,122,2,2,1,63,1,2,1,1
4416,1795,122,2,32,1,34,1,0,1,1
4417,1796,122,2,1,0,50,1,-99,0,0
4418,1796,122,2,2,1,51,1,2,0,0
4419,1796,122,2,4,1,72,1,3,0,0
4420,1796,122,2,3,1,25,0,0,0,0
4421,1796,122,2,3,0,20,0,-99,0,0
4422,1797,122,2,2,1,43,1,1,0,0
4423,1797,122,2,1,0,41,1,-99,0,0
4424,1797,122,2,3,0,20,0,-99,0,0
4425,1798,122,2,6,0,11,0,-99,0,0
4426,1798,122,2,32,1,41,1,2,0,0
4427,1798,122,2,3,0,40,1,-99,0,0
4428,1798,122,2,1,0,63,1,-99,0,0
4429,1798,122,2,6,1,17,0,0,0,0
4430,1799,122,2,3,1,39,1,1,0,0
4431,1799,122,2,1,0,72,1,-99,0,0
4432,1799,122,2,6,0,13,0,-99,0,0
4433,1799,122,2,2,1,73,1,1,0,0
4434,1800,122,2,3,0,5,0,-99,1,1
4435,1800,122,2,1,0,41,1,-99,1,1
4436,1800,122,2,4,0,76,1,-99,1,1
4437,1800,122,2,4,1,69,1,1,1,1
4438,1801,122,2,3,0,36,1,-99,1,1
4439,1801,122,2,32,1,35,1,1,1,1
4440,1801,122,2,4,1,94,1,3,1,1
4441,1801,122,2,6,0,12,0,-99,1,1
4442,1801,122,2,1,0,61,1,-99,1,1
4443,1802,122,2,3,1,5,0,0,0,0
4444,1802,122,2,1,0,36,1,-99,0,0
4445,1802,122,2,3,0,10,0,-99,0,0
4446,1802,122,2,2,1,31,1,2,0,0
4447,1803,122,2,3,0,9,0,-99,0,0
4448,1803,122,2,2,1,41,1,2,0,0
4449,1803,122,2,1,0,40,1,-99,0,0
4450,1803,122,2,3,1,17,0,0,0,0
4451,1804,122,2,1,0,57,1,-99,0,0
4452,1804,122,2,2,1,54,1,1,0,0
4453,1804,122,2,3,0,24,0,-99,0,0
4454,1805,122,2,1,1,72,1,3,0,0
4455,1806,122,2,1,0,49,1,-99,0,0
4456,1806,122,2,2,1,30,1,0,0,0
4457,1807,122,2,3,0,15,0,-99,0,0
4458,1807,122,2,1,0,70,1,-99,0,0
4459,1808,122,2,1,0,38,1,-99,0,0
4460,1808,122,2,4,1,61,1,4,0,0
4461,1808,122,2,3,0,6,0,-99,0,0
4462,1809,122,2,1,0,38,1,-99,0,0
4463,1809,122,2,2,1,34,1,1,0,0
4464,1809,122,2,3,0,13,0,-99,0,0
4465,1810,122,2,1,0,69,1,-99,0,0
4466,1810,122,2,2,1,69,1,2,0,0
4467,1811,122,2,1,1,62,1,2,0,0
4468,1812,122,2,1,0,67,1,-99,0,0
4469,1813,122,2,1,1,74,1,1,0,0
4470,1814,122,2,1,1,37,1,0,0,0
4471,1814,122,2,2,1,51,1,1,0,0
4472,1815,122,2,1,0,50,1,-99,0,0
4473,1815,122,2,3,1,23,0,0,0,0
4474,1815,122,2,3,0,20,0,-99,0,0
4475,1816,122,2,3,0,24,0,-99,0,0
4476,1816,122,2,1,0,47,1,-99,0,0
4477,1816,122,2,2,1,45,1,1,0,0
4478,1818,122,2,3,1,38,0,0,0,0
4479,1818,122,2,1,0,63,1,-99,0,0
4480,1818,122,2,2,1,61,1,1,0,0
4481,1819,122,2,1,0,60,1,-99,0,0
4482,1819,122,2,2,1,60,1,2,0,0
4483,1820,122,2,1,0,55,1,-99,0,0
4484,1820,122,2,2,1,55,1,1,0,0
4485,1821,122,2,1,0,48,1,-99,0,0
4486,1821,122,2,2,1,45,1,1,0,0
4487,1821,122,2,4,1,86,1,1,0,0
4488,1821,122,2,3,0,22,0,-99,0,0
4489,1822,122,2,3,0,6,0,-99,0,0
4490,1822,122,2,1,0,38,1,-99,0,0
4491,1822,122,2,2,1,34,1,2,0,0
4492,1822,122,2,3,1,11,0,0,0,0
4493,1823,122,2,3,0,40,1,-99,0,0
4494,1823,122,2,6,1,13,0,0,0,0
4495,1823,122,2,32,1,33,1,2,0,0
4496,1823,122,2,2,1,71,1,1,0,0
4497,1823,122,2,1,0,70,1,-99,0,0
4498,1823,122,2,6,0,9,0,-99,0,0
4499,1824,122,2,1,0,51,1,-99,0,0
4500,1824,122,2,2,1,43,1,1,0,0
4501,1824,122,2,3,0,22,0,-99,0,0
4502,1825,122,2,2,1,49,1,2,0,0
4503,1825,122,2,3,0,33,0,-99,0,0
4504,1825,122,2,3,0,32,0,-99,0,0
4505,1825,122,2,1,0,55,1,-99,0,0
4506,1826,122,2,3,1,7,0,0,0,0
4507,1826,122,2,1,0,43,1,-99,0,0
4508,1826,122,2,4,1,79,1,3,0,0
4509,1827,122,2,1,0,44,1,-99,0,0
4510,1827,122,2,2,1,41,1,1,0,0
4511,1827,122,2,4,1,68,1,4,0,0
4512,1827,122,2,3,0,16,0,-99,0,0
4513,1828,122,2,3,1,16,0,0,0,0
4514,1828,122,2,1,0,42,1,-99,0,0
4515,1828,122,2,3,0,14,0,-99,0,0
4516,1828,122,2,2,1,39,1,2,0,0
4517,1830,131,2,4,0,71,1,-99,0,0
4518,1830,131,2,3,0,12,0,-99,0,0
4519,1830,131,2,1,0,39,1,-99,0,0
4520,1830,131,2,2,1,38,1,1,0,0
4521,1831,131,2,1,0,38,1,-99,0,0
4522,1831,131,2,2,1,47,1,2,0,0
4523,1832,131,2,1,0,51,1,-99,0,0
4524,1832,131,2,3,1,25,0,0,0,0
4525,1833,131,2,3,0,19,0,-99,0,0
4526,1833,131,2,1,0,46,1,-99,0,0
4527,1833,131,2,2,1,45,1,1,0,0
4528,1833,131,2,4,1,72,1,1,0,0
4529,1834,131,2,3,0,21,0,-99,0,0
4530,1834,131,2,1,0,55,1,-99,0,0
4531,1834,131,2,2,1,52,1,2,0,0
4532,1834,131,2,3,0,23,0,-99,0,0
4533,1835,131,2,1,0,46,1,-99,0,0
4534,1835,131,2,2,1,43,1,2,0,0
4535,1835,131,2,45,0,75,1,-99,0,0
4536,1835,131,2,3,1,20,0,0,0,0
4537,1835,131,2,3,0,14,0,-99,0,0
4538,1836,131,2,1,1,39,1,2,0,0
4539,1836,131,2,4,1,74,1,1,0,0
4540,1836,131,2,3,1,14,0,0,0,0
4541,1836,131,2,3,0,10,0,-99,0,0
4542,1838,131,2,1,0,42,1,-99,0,0
4543,1838,131,2,2,1,41,1,1,0,0
4544,1838,131,2,4,1,76,1,3,0,0
4545,1838,131,2,3,0,17,0,-99,0,0
4546,1839,131,2,3,0,7,0,-99,0,0
4547,1839,131,2,1,0,42,1,-99,0,0
4548,1839,131,2,2,1,40,1,2,0,0
4549,1839,131,2,3,1,13,0,0,0,0
4550,1840,131,2,1,0,35,0,-99,0,0
4551,1841,131,2,1,0,35,1,-99,0,0
4552,1841,131,2,2,1,35,1,2,0,0
4553,1841,131,2,3,1,11,0,0,0,0
4554,1841,131,2,3,0,4,0,-99,0,0
4555,1842,131,2,1,0,32,1,-99,0,0
4556,1842,131,2,3,0,5,0,-99,0,0
4557,1842,131,2,2,1,26,1,1,0,0
4558,1843,130,2,3,0,37,1,-99,0,0
4559,1843,130,2,32,1,34,1,1,0,0
4560,1843,130,2,1,0,70,1,-99,0,0
4561,1843,130,2,2,1,67,1,1,0,0
4562,1843,130,2,6,0,10,0,-99,0,0
4563,1844,130,2,3,0,36,1,-99,0,0
4564,1844,130,2,32,1,35,1,1,0,0
4565,1844,130,2,1,0,58,1,-99,0,0
4566,1844,130,2,2,1,58,1,1,0,0
4567,1844,130,2,6,1,11,0,0,0,0
4568,1846,130,2,3,0,37,1,-99,0,0
4569,1846,130,2,32,1,35,1,1,0,0
4570,1846,130,2,6,0,13,0,-99,0,0
4571,1846,130,2,2,1,68,1,1,0,0
4572,1846,130,2,1,0,68,1,-99,0,0
4573,1847,130,2,6,1,6,0,0,0,0
4574,1847,130,2,2,1,47,1,1,0,0
4575,1847,130,2,5,0,70,1,-99,0,0
4576,1847,130,2,1,0,63,1,-99,0,0
4577,1847,130,2,3,1,27,1,1,0,0
4578,1848,130,2,3,1,18,0,0,0,0
4579,1848,130,2,1,0,63,1,-99,0,0
4580,1849,130,2,3,0,16,0,-99,0,0
4581,1849,130,2,1,0,42,1,-99,0,0
4582,1849,130,2,2,1,38,1,1,0,0
4583,1849,130,2,4,1,64,1,1,0,0
4584,1850,130,2,2,1,47,1,2,0,0
4585,1850,130,2,1,0,53,1,-99,0,0
4586,1850,130,2,3,1,26,0,0,0,0
4587,1850,130,2,3,0,24,0,-99,0,0
4588,1850,130,2,4,1,74,1,2,0,0
4589,1851,130,2,1,0,50,1,-99,0,0
4590,1851,130,2,2,1,45,1,1,0,0
4591,1851,130,2,3,0,23,0,-99,0,0
4592,1852,130,2,2,1,46,1,2,0,0
4593,1852,130,2,1,0,44,1,-99,0,0
4594,1852,130,2,4,1,64,1,1,0,0
4595,1852,130,2,3,1,21,0,0,0,0
4596,1852,130,2,3,0,15,0,-99,0,0
4597,1853,130,2,1,1,59,1,1,0,0
4598,1853,130,2,2,1,43,1,0,0,0
4599,1854,130,2,3,1,9,0,0,0,0
4600,1854,130,2,1,0,40,1,-99,0,0
4601,1854,130,2,4,0,62,1,-99,0,0
4602,1854,130,2,3,1,16,0,0,0,0
4603,1855,130,2,1,0,40,1,-99,0,0
4604,1855,130,2,2,1,40,1,1,0,0
4605,1855,130,2,3,0,17,0,-99,0,0
4606,1856,130,2,1,0,43,0,-99,0,0
4607,1857,130,2,1,0,43,1,-99,0,0
4608,1857,130,2,2,1,39,1,1,0,0
4609,1857,130,2,3,0,18,0,-99,0,0
4610,1858,128,2,2,1,50,1,1,0,0
4611,1858,128,2,1,0,48,1,-99,0,0
4612,1858,128,2,3,0,27,0,-99,0,0
4613,1859,128,2,1,0,51,1,-99,0,0
4614,1859,128,2,2,1,50,1,2,0,0
4615,1859,128,2,3,0,28,0,-99,0,0
4616,1859,128,2,3,0,25,0,-99,0,0
4617,1860,128,2,2,1,45,1,1,0,0
4618,1860,128,2,1,0,43,1,-99,0,0
4619,1860,128,2,3,0,17,0,-99,0,0
4620,1862,128,2,1,0,47,1,-99,0,0
4621,1862,128,2,2,1,44,1,1,0,0
4622,1862,128,2,3,0,22,0,-99,0,0
4623,1863,128,2,1,0,53,1,-99,0,0
4624,1863,128,2,2,1,52,1,2,0,0
4625,1863,128,2,3,0,28,0,-99,0,0
4626,1863,128,2,3,1,26,0,0,0,0
4627,1864,128,2,2,1,58,1,1,0,0
4628,1864,128,2,1,0,57,1,-99,0,0
4629,1864,128,2,3,0,35,0,-99,0,0
4630,1865,128,2,2,1,62,1,1,0,0
4631,1865,128,2,1,0,61,1,-99,0,0
4632,1866,128,2,1,0,44,1,-99,0,0
4633,1866,128,2,2,1,42,1,2,0,0
4634,1866,128,2,3,1,21,0,0,0,0
4635,1866,128,2,3,0,15,0,-99,0,0
4636,1867,128,2,3,0,39,1,-99,0,0
4637,1867,128,2,32,1,35,1,1,0,0
4638,1867,128,2,6,0,8,0,-99,0,0
4639,1867,128,2,2,1,73,1,1,0,0
4640,1867,128,2,1,0,76,1,-99,0,0
4641,1868,128,2,1,0,33,0,-99,0,0
4642,1868,128,2,4,1,61,1,4,0,0
4643,1869,128,2,3,1,21,0,0,0,0
4644,1869,128,2,1,0,46,1,-99,0,0
4645,1869,128,2,2,1,46,1,2,0,0
4646,1869,128,2,5,0,42,0,-99,0,0
4647,1869,128,2,4,0,72,1,-99,0,0
4648,1869,128,2,3,0,16,0,-99,0,0
4649,1870,128,2,1,0,33,0,-99,0,0
4650,1870,128,2,4,1,69,1,3,0,0
4651,1871,128,2,1,0,37,1,-99,0,0
4652,1871,128,2,4,1,77,1,1,0,0
4653,1871,128,2,3,1,9,0,0,0,0
4654,1872,128,2,32,1,43,1,2,0,0
4655,1872,128,2,3,0,41,1,-99,0,0
4656,1872,128,2,1,0,71,1,-99,0,0
4657,1872,128,2,2,1,67,1,1,0,0
4658,1872,128,2,5,0,63,0,-99,0,0
4659,1874,128,2,5,0,50,0,-99,0,0
4660,1874,128,2,2,1,45,1,1,0,0
4661,1874,128,2,1,0,44,1,-99,0,0
4662,1874,128,2,3,0,18,0,-99,0,0
4663,1875,128,2,3,0,5,0,-99,0,0
4664,1875,128,2,1,0,41,1,-99,0,0
4665,1875,128,2,2,1,36,1,2,0,0
4666,1875,128,2,3,1,10,0,0,0,0
4667,1876,128,2,1,0,40,1,-99,0,0
4668,1876,128,2,2,1,42,1,1,0,0
4669,1876,128,2,3,1,15,0,0,0,0
4670,1877,135,2,1,0,40,1,-99,0,0
4671,1877,135,2,2,1,36,1,1,0,0
4672,1877,135,2,3,0,11,0,-99,0,0
4673,1877,135,2,5,0,34,0,-99,0,0
4674,1877,135,2,44,1,93,1,3,0,0
4675,1877,135,2,4,1,70,1,4,0,0
4676,1878,135,2,2,1,51,1,2,0,0
4677,1878,135,2,1,0,47,1,-99,0,0
4678,1878,135,2,3,0,27,0,-99,0,0
4679,1878,135,2,3,0,25,0,-99,0,0
4680,1879,135,2,1,0,51,1,-99,0,0
4681,1879,135,2,2,1,50,1,1,0,0
4682,1879,135,2,3,1,27,0,0,0,0
4683,1880,135,2,3,0,34,0,-99,0,0
4684,1880,135,2,1,0,72,1,-99,0,0
4685,1880,135,2,5,0,65,0,-99,0,0
4686,1880,135,2,2,1,59,1,1,0,0
4687,1881,135,2,1,0,64,1,-99,0,0
4688,1882,135,2,4,1,69,1,3,0,0
4689,1882,135,2,1,0,27,0,-99,0,0
4690,1883,135,2,2,1,48,1,2,0,0
4691,1883,135,2,1,0,47,1,-99,0,0
4692,1883,135,2,3,1,27,0,0,0,0
4693,1883,135,2,3,0,24,0,-99,0,0
4694,1884,135,2,2,1,59,1,3,0,0
4695,1884,135,2,1,0,56,1,-99,0,0
4696,1885,135,2,6,1,10,0,0,0,0
4697,1885,135,2,3,0,32,1,-99,0,0
4698,1885,135,2,3,0,30,1,-99,0,0
4699,1885,135,2,1,0,62,1,-99,0,0
4700,1885,135,2,2,1,55,1,2,0,0
4701,1886,135,2,1,0,51,1,-99,0,0
4702,1887,135,2,4,1,88,1,1,0,0
4703,1887,135,2,1,0,65,1,-99,0,0
4704,1887,135,2,2,1,65,1,2,0,0
4705,1888,135,2,1,0,76,1,-99,0,0
4706,1888,135,2,2,1,78,1,2,0,0
4707,1889,135,2,2,1,45,1,2,0,0
4708,1889,135,2,1,0,44,1,-99,0,0
4709,1889,135,2,3,1,26,0,0,0,0
4710,1889,135,2,3,0,24,0,-99,0,0
4711,1890,135,2,2,1,50,1,1,0,0
4712,1890,135,2,1,0,50,1,-99,0,0
4713,1890,135,2,3,1,11,0,0,0,0
4714,1891,135,2,1,0,28,0,-99,0,0
4715,1891,135,2,4,1,59,1,2,0,0
4716,1892,129,2,3,0,20,0,-99,0,0
4717,1892,129,2,1,0,48,1,-99,0,0
4718,1892,129,2,2,1,48,1,2,0,0
4719,1892,129,2,3,1,26,0,0,0,0
4720,1894,129,2,6,0,5,0,-99,1,1
4721,1894,129,2,3,1,32,1,2,1,1
4722,1894,129,2,1,0,58,1,-99,1,1
4723,1894,129,2,2,1,57,1,1,1,1
4724,1894,129,2,6,0,6,0,-99,1,1
4725,1895,129,2,1,0,54,1,-99,0,0
4726,1895,129,2,2,1,52,1,1,0,0
4727,1895,129,2,3,0,27,0,-99,0,0
4728,1896,129,2,3,0,6,0,-99,0,0
4729,1896,129,2,2,1,43,1,2,0,0
4730,1896,129,2,1,0,43,1,-99,0,0
4731,1896,129,2,3,1,18,0,0,0,0
4732,1897,129,2,5,0,45,1,-99,1,1
4733,1897,129,2,1,0,33,0,-99,1,1
4734,1897,129,2,4,1,74,1,1,1,1
4735,1897,129,2,53,1,22,0,0,1,1
4736,1898,129,2,1,0,50,1,-99,0,0
4737,1898,129,2,2,1,46,1,1,0,0
4738,1898,129,2,3,0,15,0,-99,0,0
4739,1900,129,2,3,0,10,0,-99,0,0
4740,1900,129,2,1,0,38,1,-99,0,0
4741,1900,129,2,2,1,34,1,1,0,0
4742,1900,129,2,4,1,62,1,1,0,0
4743,1901,129,2,1,0,50,1,-99,0,0
4744,1901,129,2,2,1,48,1,2,0,0
4745,1901,129,2,3,1,24,0,0,0,0
4746,1901,129,2,3,0,20,0,-99,0,0
4747,1902,129,2,1,1,59,1,1,0,0
4748,1902,129,2,3,0,20,0,-99,0,0
4749,1903,129,2,1,0,35,1,-99,0,0
4750,1903,129,2,2,1,30,1,1,0,0
4751,1903,129,2,3,0,12,0,-99,0,0
4752,1904,120,2,1,0,88,1,-99,0,0
4753,1904,120,2,3,0,63,1,-99,0,0
4754,1905,120,2,32,1,39,1,1,1,1
4755,1905,120,2,6,1,9,0,0,1,1
4756,1905,120,2,1,0,61,1,-99,1,1
4757,1906,120,2,1,0,59,1,-99,0,0
4758,1906,120,2,2,1,56,1,2,0,0
4759,1908,120,2,1,0,50,1,-99,0,0
4760,1908,120,2,2,1,47,1,1,0,0
4761,1909,120,2,1,0,48,0,-99,0,0
4762,1910,120,2,1,0,50,1,-99,0,0
4763,1910,120,2,4,1,72,1,3,0,0
4764,1910,120,2,2,1,51,1,2,0,0
4765,1911,120,2,4,1,90,1,3,0,0
4766,1911,120,2,1,0,62,1,-99,0,0
4767,1911,120,2,2,1,51,1,3,0,0
4768,1912,120,2,3,1,24,0,0,1,1
4769,1912,120,2,2,1,49,1,1,1,1
4770,1912,120,2,1,0,47,1,-99,1,1
4771,1912,120,2,4,0,73,1,-99,1,1
4772,1913,120,2,2,1,45,1,2,0,0
4773,1913,120,2,1,0,45,1,-99,0,0
4774,1913,120,2,3,1,45,0,0,0,0
4775,1913,120,2,3,0,16,0,-99,0,0
4776,1914,120,2,3,0,8,0,-99,0,0
4777,1914,120,2,3,1,12,0,0,0,0
4778,1914,120,2,1,0,40,1,-99,0,0
4779,1914,120,2,2,1,34,1,2,0,0
4780,1915,120,2,2,1,44,1,2,0,0
4781,1915,120,2,1,0,44,1,-99,0,0
4782,1915,120,2,3,0,11,0,-99,0,0
4783,1915,120,2,3,1,20,0,0,0,0
4784,1916,120,2,1,1,72,1,1,0,0
4785,1917,120,2,1,0,48,1,-99,0,0
4786,1917,120,2,3,0,20,0,-99,0,0
4787,1918,120,2,3,0,33,0,-99,0,0
4788,1918,120,2,1,0,60,1,-99,0,0
4789,1918,120,2,3,1,31,0,0,0,0
4790,1919,120,2,1,0,75,1,-99,0,0
4791,1920,120,2,1,0,48,1,-99,0,0
4792,1920,120,2,2,1,48,1,0,0,0
4793,1921,120,2,1,0,43,1,-99,0,0
4794,1921,120,2,5,1,31,0,0,0,0
4795,1921,120,2,4,1,68,1,1,0,0
4796,1921,120,2,3,0,10,0,-99,0,0
4797,1922,120,2,1,0,31,0,-99,1,1
4798,1922,120,2,44,1,72,1,3,1,1
4799,1925,120,2,1,0,39,1,-99,0,0
4800,1925,120,2,2,1,35,1,2,0,0
4801,1925,120,2,3,0,7,0,-99,0,0
4802,1925,120,2,3,1,13,0,0,0,0
4803,1925,120,2,4,1,64,1,4,0,0
4804,1926,120,2,1,0,65,1,-99,1,1
4805,1927,116,2,2,1,48,1,0,0,0
4806,1927,116,2,1,0,48,1,-99,0,0
4807,1928,116,2,2,1,50,1,3,0,0
4808,1928,116,2,1,0,50,1,-99,0,0
4809,1929,116,2,2,1,54,1,1,0,0
4810,1929,116,2,1,0,53,1,-99,0,0
4811,1930,116,2,1,0,48,1,-99,0,0
4812,1930,116,2,2,1,47,1,1,0,0
4813,1931,116,2,1,0,72,1,-99,0,0
4814,1932,116,2,4,1,70,1,2,0,0
4815,1932,116,2,2,1,46,1,2,0,0
4816,1932,116,2,1,0,46,1,-99,0,0
4817,1934,116,2,4,1,82,1,3,0,0
4818,1934,116,2,3,1,21,0,0,0,0
4819,1934,116,2,1,0,45,1,-99,0,0
4820,1935,116,2,2,1,45,1,2,0,0
4821,1935,116,2,3,1,24,0,0,0,0
4822,1935,116,2,3,0,19,0,-99,0,0
4823,1935,116,2,1,0,37,1,-99,0,0
4824,1935,116,2,4,0,71,1,-99,0,0
4825,1936,116,2,2,1,31,1,1,0,0
4826,1936,116,2,3,0,12,0,-99,0,0
4827,1936,116,2,1,0,35,1,-99,0,0
4828,1936,116,2,4,1,64,1,3,0,0
4829,1937,116,2,3,0,8,0,-99,1,1
4830,1937,116,2,1,0,36,1,-99,1,1
4831,1937,116,2,44,0,81,1,-99,1,1
4832,1937,116,2,44,1,80,1,4,1,1
4833,1937,116,2,2,1,29,1,1,1,1
4834,1937,116,2,4,1,59,1,4,1,1
4835,1937,116,2,4,0,58,1,-99,1,1
4836,1938,116,2,2,1,51,1,1,0,0
4837,1938,116,2,1,0,49,1,-99,0,0
4838,1938,116,2,3,0,23,0,-99,0,0
4839,1939,116,2,6,0,7,0,-99,0,0
4840,1939,116,2,3,0,39,1,-99,0,0
4841,1939,116,2,32,1,30,1,1,0,0
4842,1939,116,2,1,1,73,1,1,0,0
4843,1940,116,2,1,0,55,1,-99,1,1
4844,1940,116,2,2,1,53,1,2,1,1
4845,1940,116,2,3,1,26,0,0,1,1
4846,1940,116,2,3,0,24,0,-99,1,1
4847,1941,116,2,2,1,51,1,1,0,0
4848,1941,116,2,1,0,54,1,-99,0,0
4849,1942,116,2,1,0,68,1,-99,0,0
4850,1942,116,2,2,1,68,1,2,0,0
4851,1943,116,2,3,0,25,0,-99,0,0
4852,1943,116,2,1,0,48,1,-99,0,0
4853,1943,116,2,2,1,45,1,1,0,0
4854,1944,116,2,3,0,30,0,-99,0,0
4855,1944,116,2,1,0,60,1,-99,0,0
4856,1944,116,2,2,1,54,1,2,0,0
4857,1944,116,2,3,0,27,0,-99,0,0
4858,1945,116,2,32,1,43,1,2,1,1
4859,1945,116,2,3,0,41,1,-99,1,1
4860,1945,116,2,6,0,11,0,-99,1,1
4861,1945,116,2,1,0,63,1,-99,1,1
4862,1945,116,2,6,1,19,0,0,1,1
4863,1946,116,2,1,1,44,1,1,0,0
4864,1946,116,2,2,1,42,1,1,0,0
4865,1946,116,2,3,0,13,0,-99,0,0
4866,1947,116,2,32,1,40,1,1,0,0
4867,1947,116,2,3,0,39,1,-99,0,0
4868,1947,116,2,1,0,63,1,-99,0,0
4869,1947,116,2,2,1,62,1,1,0,0
4870,1947,116,2,6,0,16,0,-99,0,0
4871,1948,116,2,3,0,32,1,-99,0,0
4872,1948,116,2,6,0,6,0,-99,0,0
4873,1948,116,2,2,1,57,1,1,0,0
4874,1948,116,2,1,0,55,1,-99,0,0
4875,1948,116,2,7,1,45,0,0,0,0
4876,1949,116,2,3,0,34,0,-99,0,0
4877,1949,116,2,1,0,74,1,-99,0,0
4878,1950,116,2,2,1,68,1,1,0,0
4879,1950,116,2,3,0,34,0,-99,0,0
4880,1950,116,2,1,0,70,1,-99,0,0
4881,1950,116,2,2,1,61,1,1,0,0
4882,1951,116,2,1,0,23,0,-99,0,0
4883,1952,116,2,3,0,7,0,-99,0,0
4884,1952,116,2,2,1,43,1,2,0,0
4885,1952,116,2,1,0,41,1,-99,0,0
4886,1952,116,2,3,1,16,0,0,0,0
4887,1953,116,2,1,0,41,1,-99,0,0
4888,1953,116,2,2,1,38,1,2,0,0
4889,1953,116,2,3,1,15,0,0,0,0
4890,1953,116,2,3,0,3,0,-99,0,0
4891,1955,116,2,1,0,38,1,-99,1,1
4892,1955,116,2,2,1,39,1,2,1,1
4893,1955,116,2,3,1,14,0,0,1,1
4894,1955,116,2,4,1,62,1,2,1,1
4895,1955,116,2,3,0,11,0,-99,1,1
4896,1956,121,2,1,0,61,1,-99,0,0
4897,1957,121,2,1,0,43,1,-99,0,0
4898,1957,121,2,2,1,39,1,2,0,0
4899,1957,121,2,3,0,11,0,-99,0,0
4900,1957,121,2,4,1,77,1,2,0,0
4901,1957,121,2,3,1,18,0,0,0,0
4902,1958,121,2,1,0,50,1,-99,0,0
4903,1958,121,2,2,1,45,1,1,0,0
4904,1958,121,2,3,1,18,0,0,0,0
4905,1959,121,2,1,0,48,1,-99,0,0
4906,1959,121,2,2,1,44,1,2,0,0
4907,1959,121,2,3,1,25,0,0,0,0
4908,1959,121,2,3,0,19,0,-99,0,0
4909,1960,121,2,1,0,47,1,-99,0,0
4910,1960,121,2,2,1,46,1,2,0,0
4911,1960,121,2,3,1,27,0,0,0,0
4912,1960,121,2,3,0,25,0,-99,0,0
4913,1961,121,2,6,0,8,0,-99,0,0
4914,1961,121,2,2,1,51,1,2,0,0
4915,1961,121,2,3,0,30,1,-99,0,0
4916,1961,121,2,4,1,86,1,1,0,0
4917,1961,121,2,1,0,52,1,-99,0,0
4918,1961,121,2,32,1,29,1,1,0,0
4919,1961,121,2,3,1,27,1,1,0,0
4920,1963,121,2,3,1,23,1,0,0,0
4921,1963,121,2,2,1,50,1,2,0,0
4922,1963,121,2,4,1,89,1,1,0,0
4923,1963,121,2,1,0,55,1,-99,0,0
4924,1963,121,2,3,0,27,1,-99,0,0
4925,1963,121,2,6,1,9,0,0,0,0
4926,1964,121,2,3,1,39,1,1,0,0
4927,1964,121,2,3,0,36,1,-99,0,0
4928,1964,121,2,1,0,73,1,-99,0,0
4929,1964,121,2,2,1,63,1,2,0,0
4930,1964,121,2,6,1,4,0,0,0,0
4931,1965,121,2,1,0,41,1,-99,0,0
4932,1965,121,2,2,1,40,1,1,0,0
4933,1966,121,2,2,1,49,1,2,0,0
4934,1966,121,2,1,0,48,1,-99,0,0
4935,1967,121,2,2,1,49,1,2,0,0
4936,1967,121,2,4,1,82,1,4,0,0
4937,1967,121,2,1,0,51,1,-99,0,0
4938,1967,121,2,3,1,29,0,0,0,0
4939,1967,121,2,3,0,23,0,-99,0,0
4940,1968,121,2,1,0,46,1,-99,0,0
4941,1968,121,2,2,1,46,1,1,0,0
4942,1968,121,2,3,0,19,0,-99,0,0
4943,1969,121,2,1,0,32,1,-99,0,0
4944,1969,121,2,2,1,28,1,1,0,0
4945,1969,121,2,3,0,7,0,-99,0,0
4946,1970,121,2,1,1,30,1,1,0,0
4947,1970,121,2,3,1,7,0,0,0,0
4948,1970,121,2,2,1,56,1,1,0,0
4949,1972,121,2,1,0,56,1,-99,0,0
4950,1972,121,2,3,1,23,1,0,0,0
4951,1972,121,2,6,1,8,0,0,0,0
4952,1972,121,2,3,0,31,1,-99,0,0
4953,1972,121,2,32,1,29,1,0,0,0
4954,1972,121,2,2,1,61,1,2,0,0
4955,1973,121,2,1,0,76,1,-99,0,0
4956,1974,121,2,1,0,31,0,-99,0,0
4957,1975,121,2,1,0,30,0,-99,0,0
4958,1976,121,2,1,0,43,1,-99,0,0
4959,1976,121,2,2,1,43,1,1,0,0
4960,1976,121,2,3,0,19,0,-99,0,0
4961,1977,121,2,1,0,42,1,-99,0,0
4962,1977,121,2,2,1,40,1,1,0,0
4963,1977,121,2,4,0,73,1,-99,0,0
4964,1977,121,2,3,0,12,0,-99,0,0
4965,1978,121,2,2,1,45,1,2,0,0
4966,1978,121,2,1,0,45,1,-99,0,0
4967,1978,121,2,3,0,13,0,-99,0,0
4968,1978,121,2,4,0,76,1,-99,0,0
4969,1978,121,2,3,1,20,0,0,0,0
4970,1979,121,2,2,1,47,1,1,0,0
4971,1979,121,2,1,0,45,1,-99,0,0
4972,1979,121,2,3,1,17,0,0,0,0
4973,1980,121,2,1,0,56,1,-99,0,0
4974,1980,121,2,2,1,56,1,1,0,0
4975,1980,121,2,3,1,25,0,0,0,0
